muni_num,muni_id,municipal,PUMACE10,STATEFP10,GEOID10,NAMELSAD10,MTFCC10,FUNCSTAT10,ALAND10,AWATER10,INTPTLAT10,INTPTLON10,muni_caps,cnty_fips,cnty_nm,cmtyp08_id,cmtyp08,cmsbt08_id,cmsbt08,muni_name,pop,hh,puma_type
1,1,Abington,04901,25,2504901,Plymouth & Bristol Counties (Outside Brockton City) PUMA,G6120,S,299116344,6719809,+42.0365355,-071.0032765,ABINGTON,25023,Plymouth,377,Developing Suburb,387,Maturing New England Town,Abington,15985,6080,04901_377
2,2,Acton,01400,25,2501400,Middlesex (West Central) & Worcester (East) Counties PUMA,G6120,S,426638284,12692952,+42.4560743,-071.4632797,ACTON,25017,Middlesex,379,Maturing Suburb,386,Established Suburb/Cape Cod Town,Acton,21924,8187,01400_379
3,3,Acushnet,04301,25,2504301,Bristol (Outside New Bedford City) & Plymouth (South) Counties PUMA,G6120,S,685253149,119790748,+41.6837105,-070.9104126,ACUSHNET,25005,Bristol,377,Developing Suburb,387,Maturing New England Town,Acushnet,10303,3934,04301_377
4,4,Adams,00100,25,2500100,Berkshire County--Pittsfield City PUMA,G6120,S,2400595943,50708444,+42.3714930,-073.2179276,ADAMS,25003,Berkshire,377,Developing Suburb,387,Maturing New England Town,Adams,8485,3907,00100_377
5,5,Agawam,01901,25,2501901,Hampden County (West of Springfield City)--Westfield & Holyoke Cities PUMA,G6120,S,358192086,13881319,+42.1180895,-072.7081570,AGAWAM,25013,Hampden,377,Developing Suburb,387,Maturing New England Town,Agawam,28438,11664,01901_377
6,6,Alford,00100,25,2500100,Berkshire County--Pittsfield City PUMA,G6120,S,2400595943,50708444,+42.3714930,-073.2179276,ALFORD,25003,Berkshire,381,Rural Town,381,Rural Town,Alford,494,223,00100_381
7,7,Amesbury,00702,25,2500702,Essex County (Central)--Amesbury Town City PUMA,G6120,S,396273911,24253025,+42.7009380,-070.9883458,AMESBURY,25009,Essex,380,Regional Urban Center,383,Sub-Regional Urban Center,Amesbury,16283,6642,00702_380
8,8,Amherst,00200,25,2500200,Franklin & Hampshire (North) Counties PUMA,G6120,S,2438805383,75882088,+42.5346542,-072.6410670,AMHERST,25015,Hampshire,380,Regional Urban Center,383,Sub-Regional Urban Center,Amherst,37819,9259,00200_380
9,9,Andover,01300,25,2501300,"Billerica, Andover, Tewksbury & Wilmington Towns PUMA",G6120,S,243676851,6897824,+42.6061348,-071.2092474,ANDOVER,25009,Essex,377,Developing Suburb,387,Maturing New England Town,Andover,33201,11851,01300_377
10,10,Arlington,00505,25,2500505,"Middlesex County--Watertown Town City, Arlington, Belmont & Winchester Towns PUMA",G6120,S,51336717,2224756,+42.4136947,-071.1648652,ARLINGTON,25017,Middlesex,378,Inner Core,384,Streetcar Suburb,Arlington,42844,18969,00505_378
11,11,Ashburnham,00400,25,2500400,"Worcester & Middlesex Counties (Outside Leominster, Fitchburg & Gardner Cities) PUMA",G6120,S,1400492448,68023886,+42.4370207,-071.6970931,ASHBURNHAM,25027,Worcester,377,Developing Suburb,388,Country Suburb,Ashburnham,6081,2148,00400_377
12,12,Ashby,00400,25,2500400,"Worcester & Middlesex Counties (Outside Leominster, Fitchburg & Gardner Cities) PUMA",G6120,S,1400492448,68023886,+42.4370207,-071.6970931,ASHBY,25017,Middlesex,381,Rural Town,381,Rural Town,Ashby,3074,1105,00400_381
13,13,Ashfield,00200,25,2500200,Franklin & Hampshire (North) Counties PUMA,G6120,S,2438805383,75882088,+42.5346542,-072.6410670,ASHFIELD,25011,Franklin,381,Rural Town,381,Rural Town,Ashfield,1737,760,00200_381
14,14,Ashland,02400,25,2502400,"Middlesex (Far Southwest), Norfolk (Northwest) & Worcester (Far East) Counties PUMA",G6120,S,321043988,12840834,+42.2112799,-071.4631038,ASHLAND,25017,Middlesex,379,Maturing Suburb,386,Established Suburb/Cape Cod Town,Ashland,16593,6385,02400_379
15,15,Athol,00400,25,2500400,"Worcester & Middlesex Counties (Outside Leominster, Fitchburg & Gardner Cities) PUMA",G6120,S,1400492448,68023886,+42.4370207,-071.6970931,ATHOL,25027,Worcester,377,Developing Suburb,387,Maturing New England Town,Athol,11584,4656,00400_377
16,16,Attleboro,04200,25,2504200,"Attleboro City, North Attleborough, Swansea, Seekonk, Rehoboth & Plainville Towns PUMA",G6120,S,374568931,14048795,+41.8678735,-071.2821360,ATTLEBORO,25005,Bristol,380,Regional Urban Center,383,Sub-Regional Urban Center,Attleboro,43593,16884,04200_380
17,17,Auburn,00302,25,2500302,Worcester County (West Central) PUMA,G6120,S,1047304446,37195682,+42.3006870,-072.0176430,AUBURN,25027,Worcester,377,Developing Suburb,387,Maturing New England Town,Auburn,16188,6542,00302_377
18,18,Avon,04000,25,2504000,"Plymouth & Norfolk Counties--Brockton City, Stoughton & Avon Towns PUMA",G6120,S,108026960,2084893,+42.1012625,-071.0566068,AVON,25021,Norfolk,379,Maturing Suburb,385,Mature Suburb,Avon,4356,1709,04000_379
19,19,Ayer,00400,25,2500400,"Worcester & Middlesex Counties (Outside Leominster, Fitchburg & Gardner Cities) PUMA",G6120,S,1400492448,68023886,+42.4370207,-071.6970931,AYER,25017,Middlesex,377,Developing Suburb,387,Maturing New England Town,Ayer,7427,3118,00400_377
20,20,Barnstable,04700,25,2504700,Barnstable County (West)--Inner Cape Cod Towns & Barnstable Town City PUMA,G6120,S,546301022,76666749,+41.6614149,-070.4853421,BARNSTABLE,25001,Barnstable,379,Maturing Suburb,386,Established Suburb/Cape Cod Town,Barnstable,45193,19225,04700_379
21,21,Barre,00302,25,2500302,Worcester County (West Central) PUMA,G6120,S,1047304446,37195682,+42.3006870,-072.0176430,BARRE,25027,Worcester,377,Developing Suburb,388,Country Suburb,Barre,5398,2025,00302_377
22,22,Becket,00100,25,2500100,Berkshire County--Pittsfield City PUMA,G6120,S,2400595943,50708444,+42.3714930,-073.2179276,BECKET,25003,Berkshire,381,Rural Town,381,Rural Town,Becket,1779,763,00100_381
23,23,Bedford,00503,25,2500503,"Middlesex County--Waltham City, Lexington, Burlington, Bedford & Lincoln Towns PUMA",G6120,S,178242037,5884943,+42.4498213,-071.2539485,BEDFORD,25017,Middlesex,379,Maturing Suburb,386,Established Suburb/Cape Cod Town,Bedford,13320,5130,00503_379
24,24,Belchertown,01600,25,2501600,Hampden (West & East) & Hampshire (South) Counties--Northampton City PUMA,G6120,S,1600249779,55929190,+42.2280120,-072.6072562,BELCHERTOWN,25015,Hampshire,377,Developing Suburb,388,Country Suburb,Belchertown,14649,5595,01600_377
25,25,Bellingham,03601,25,2503601,Norfolk County (Southwest)--Greater Franklin Town City PUMA,G6120,S,376379877,12718027,+42.0938306,-071.3196365,BELLINGHAM,25021,Norfolk,377,Developing Suburb,387,Maturing New England Town,Bellingham,16332,6155,03601_377
26,26,Belmont,00505,25,2500505,"Middlesex County--Watertown Town City, Arlington, Belmont & Winchester Towns PUMA",G6120,S,51336717,2224756,+42.4136947,-071.1648652,BELMONT,25017,Middlesex,378,Inner Core,384,Streetcar Suburb,Belmont,24729,9651,00505_378
27,27,Berkley,04303,25,2504303,"Bristol County--Taunton City, Mansfield, Norton, Raynam, Dighton & Berkley Towns PUMA",G6120,S,397994109,13703271,+41.9154341,-071.1270921,BERKLEY,25005,Bristol,377,Developing Suburb,388,Country Suburb,Berkley,6411,2109,04303_377
28,28,Berlin,00303,25,2500303,Worcester County (East Central) PUMA,G6120,S,359734779,21742847,+42.2838174,-071.6644698,BERLIN,25027,Worcester,377,Developing Suburb,388,Country Suburb,Berlin,2866,1125,00303_377
29,29,Bernardston,00200,25,2500200,Franklin & Hampshire (North) Counties PUMA,G6120,S,2438805383,75882088,+42.5346542,-072.6410670,BERNARDSTON,25011,Franklin,381,Rural Town,381,Rural Town,Bernardston,2129,890,00200_381
30,30,Beverly,00703,25,2500703,"Essex County (East)--Salem, Beverly, Gloucester & Newburyport Cities PUMA",G6120,S,470201226,816319754,+42.6207584,-070.7600962,BEVERLY,25009,Essex,380,Regional Urban Center,383,Sub-Regional Urban Center,Beverly,39502,15850,00703_380
31,31,Billerica,01300,25,2501300,"Billerica, Andover, Tewksbury & Wilmington Towns PUMA",G6120,S,243676851,6897824,+42.6061348,-071.2092474,BILLERICA,25017,Middlesex,379,Maturing Suburb,386,Established Suburb/Cape Cod Town,Billerica,40243,14034,01300_379
32,32,Blackstone,00304,25,2500304,Worcester County (South) PUMA,G6120,S,813149540,34966057,+42.0844843,-071.8173405,BLACKSTONE,25027,Worcester,377,Developing Suburb,387,Maturing New England Town,Blackstone,9026,3403,00304_377
33,33,Blandford,01600,25,2501600,Hampden (West & East) & Hampshire (South) Counties--Northampton City PUMA,G6120,S,1600249779,55929190,+42.2280120,-072.6072562,BLANDFORD,25013,Hampden,381,Rural Town,381,Rural Town,Blandford,1233,492,01600_381
34,34,Bolton,01400,25,2501400,Middlesex (West Central) & Worcester (East) Counties PUMA,G6120,S,426638284,12692952,+42.4560743,-071.4632797,BOLTON,25027,Worcester,377,Developing Suburb,388,Country Suburb,Bolton,4897,1670,01400_377
35,35,Boston,03301,25,2503301,Boston City--Allston-Brighton-Fenway PUMA,G6120,S,17424993,13525,+42.3069200,-071.0856537,BOSTON,25025,Suffolk,378,Inner Core,382,Metro Core Community,Boston,617594,252699,03301_378
35,35,Boston,03302,25,2503302,Boston City--Back Bay-Beacon Hill-Charlestown-East Boston-Central & South End PUMA,G6120,S,17424993,13525,+42.3069200,-071.0856537,BOSTON,25025,Suffolk,378,Inner Core,382,Metro Core Community,Boston,617594,252699,03302_378
35,35,Boston,03303,25,2503303,Boston City--Dorchester & South Boston PUMA,G6120,S,17424993,13525,+42.3069200,-071.0856537,BOSTON,25025,Suffolk,378,Inner Core,382,Metro Core Community,Boston,617594,252699,03303_378
35,35,Boston,03304,25,2503304,Boston City--Mattapan & Roxbury PUMA,G6120,S,17424993,13525,+42.3069200,-071.0856537,BOSTON,25025,Suffolk,378,Inner Core,382,Metro Core Community,Boston,617594,252699,03304_378
35,35,Boston,03305,25,2503305,Boston City--Hyde Park-Jamaica Plain-Roslindale & West Roxbury PUMA,G6120,S,17424993,13525,+42.3069200,-071.0856537,BOSTON,25025,Suffolk,378,Inner Core,382,Metro Core Community,Boston,617594,252699,03305_378
36,36,Bourne,04700,25,2504700,Barnstable County (West)--Inner Cape Cod Towns & Barnstable Town City PUMA,G6120,S,546301022,76666749,+41.6614149,-070.4853421,BOURNE,25001,Barnstable,379,Maturing Suburb,386,Established Suburb/Cape Cod Town,Bourne,19754,7866,04700_379
37,37,Boxborough,01400,25,2501400,Middlesex (West Central) & Worcester (East) Counties PUMA,G6120,S,426638284,12692952,+42.4560743,-071.4632797,BOXBOROUGH,25017,Middlesex,377,Developing Suburb,388,Country Suburb,Boxborough,4996,1949,01400_377
38,38,Boxford,00702,25,2500702,Essex County (Central)--Amesbury Town City PUMA,G6120,S,396273911,24253025,+42.7009380,-070.9883458,BOXFORD,25009,Essex,377,Developing Suburb,388,Country Suburb,Boxford,7965,2688,00702_377
39,39,Boylston,00303,25,2500303,Worcester County (East Central) PUMA,G6120,S,359734779,21742847,+42.2838174,-071.6644698,BOYLSTON,25027,Worcester,377,Developing Suburb,388,Country Suburb,Boylston,4355,1698,00303_377
40,40,Braintree,03900,25,2503900,"Weymouth Town, Braintree Town Cities, Hingham, Hull & Cohasset Towns PUMA",G6120,S,169354091,143435976,+42.2535500,-070.8817919,BRAINTREE,25021,Norfolk,379,Maturing Suburb,385,Mature Suburb,Braintree,35744,13736,03900_379
41,41,Brewster,04800,25,2504800,"Barnstable (East), Dukes & Nantucket Counties--Outer Cape Cod Towns PUMA",G6120,S,861586674,3954831116,+41.5702636,-070.3671147,BREWSTER,25001,Barnstable,379,Maturing Suburb,386,Established Suburb/Cape Cod Town,Brewster,9820,4383,04800_379
42,42,Bridgewater,04901,25,2504901,Plymouth & Bristol Counties (Outside Brockton City) PUMA,G6120,S,299116344,6719809,+42.0365355,-071.0032765,BRIDGEWATER,25023,Plymouth,377,Developing Suburb,387,Maturing New England Town,Bridgewater,26563,7995,04901_377
43,43,Brimfield,01600,25,2501600,Hampden (West & East) & Hampshire (South) Counties--Northampton City PUMA,G6120,S,1600249779,55929190,+42.2280120,-072.6072562,BRIMFIELD,25013,Hampden,381,Rural Town,381,Rural Town,Brimfield,3609,1429,01600_381
44,44,Brockton,04000,25,2504000,"Plymouth & Norfolk Counties--Brockton City, Stoughton & Avon Towns PUMA",G6120,S,108026960,2084893,+42.1012625,-071.0566068,BROCKTON,25023,Plymouth,380,Regional Urban Center,389,Major Regional Urban Center,Brockton,93810,33303,04000_380
45,45,Brookfield,00302,25,2500302,Worcester County (West Central) PUMA,G6120,S,1047304446,37195682,+42.3006870,-072.0176430,BROOKFIELD,25027,Worcester,377,Developing Suburb,387,Maturing New England Town,Brookfield,3390,1375,00302_377
46,46,Brookline,03400,25,2503400,Middlesex (Southeast) & Norfolk (Northeast) Counties--Newton City & Brookline Town PUMA,G6120,S,63671862,1013690,+42.3299362,-071.1882868,BROOKLINE,25021,Norfolk,378,Inner Core,384,Streetcar Suburb,Brookline,58732,25092,03400_378
47,47,Buckland,00200,25,2500200,Franklin & Hampshire (North) Counties PUMA,G6120,S,2438805383,75882088,+42.5346542,-072.6410670,BUCKLAND,25011,Franklin,381,Rural Town,381,Rural Town,Buckland,1902,823,00200_381
48,48,Burlington,00503,25,2500503,"Middlesex County--Waltham City, Lexington, Burlington, Bedford & Lincoln Towns PUMA",G6120,S,178242037,5884943,+42.4498213,-071.2539485,BURLINGTON,25017,Middlesex,379,Maturing Suburb,385,Mature Suburb,Burlington,24498,9269,00503_379
49,49,Cambridge,00506,25,2500506,Middlesex County (East)--Cambridge City PUMA,G6120,S,16558960,1785397,+42.3760428,-071.1186798,CAMBRIDGE,25017,Middlesex,378,Inner Core,382,Metro Core Community,Cambridge,105162,44032,00506_378
50,50,Canton,03602,25,2503602,"Norfolk County (Central)--Randolph, Norwood, Dedham, Canton & Holbrook Towns PUMA",G6120,S,146305244,5381105,+42.1872188,-071.1188846,CANTON,25021,Norfolk,379,Maturing Suburb,386,Established Suburb/Cape Cod Town,Canton,21561,8378,03602_379
51,51,Carlisle,01400,25,2501400,Middlesex (West Central) & Worcester (East) Counties PUMA,G6120,S,426638284,12692952,+42.4560743,-071.4632797,CARLISLE,25017,Middlesex,377,Developing Suburb,388,Country Suburb,Carlisle,4852,1695,01400_377
52,52,Carver,04902,25,2504902,Plymouth County (Central) PUMA,G6120,S,621263929,43588017,+41.9467973,-070.8460227,CARVER,25023,Plymouth,377,Developing Suburb,387,Maturing New England Town,Carver,11509,4297,04902_377
53,53,Charlemont,00200,25,2500200,Franklin & Hampshire (North) Counties PUMA,G6120,S,2438805383,75882088,+42.5346542,-072.6410670,CHARLEMONT,25011,Franklin,381,Rural Town,381,Rural Town,Charlemont,1266,561,00200_381
54,54,Charlton,00304,25,2500304,Worcester County (South) PUMA,G6120,S,813149540,34966057,+42.0844843,-071.8173405,CHARLTON,25027,Worcester,377,Developing Suburb,388,Country Suburb,Charlton,12981,4608,00304_377
55,55,Chatham,04800,25,2504800,"Barnstable (East), Dukes & Nantucket Counties--Outer Cape Cod Towns PUMA",G6120,S,861586674,3954831116,+41.5702636,-070.3671147,CHATHAM,25001,Barnstable,379,Maturing Suburb,386,Established Suburb/Cape Cod Town,Chatham,6125,3085,04800_379
56,56,Chelmsford,00501,25,2500501,Middlesex County (Outside Lowell City) PUMA,G6120,S,334456090,12383483,+42.6312247,-071.4487800,CHELMSFORD,25017,Middlesex,379,Maturing Suburb,386,Established Suburb/Cape Cod Town,Chelmsford,33802,13313,00501_379
57,57,Chelsea,03306,25,2503306,"Suffolk County (North)--Revere, Chelsea & Winthrop Town Cities PUMA",G6120,S,27255130,12667880,+42.3772465,-070.9881186,CHELSEA,25025,Suffolk,378,Inner Core,382,Metro Core Community,Chelsea,35177,11831,03306_378
58,58,Cheshire,00100,25,2500100,Berkshire County--Pittsfield City PUMA,G6120,S,2400595943,50708444,+42.3714930,-073.2179276,CHESHIRE,25003,Berkshire,377,Developing Suburb,387,Maturing New England Town,Cheshire,3235,1403,00100_377
59,59,Chester,01600,25,2501600,Hampden (West & East) & Hampshire (South) Counties--Northampton City PUMA,G6120,S,1600249779,55929190,+42.2280120,-072.6072562,CHESTER,25013,Hampden,381,Rural Town,381,Rural Town,Chester,1337,543,01600_381
60,60,Chesterfield,00200,25,2500200,Franklin & Hampshire (North) Counties PUMA,G6120,S,2438805383,75882088,+42.5346542,-072.6410670,CHESTERFIELD,25015,Hampshire,381,Rural Town,381,Rural Town,Chesterfield,1222,511,00200_381
61,61,Chicopee,01902,25,2501902,Hampden County (East of Springfield City)--Chicopee City PUMA,G6120,S,294703702,7815978,+42.0762003,-072.4251619,CHICOPEE,25013,Hampden,380,Regional Urban Center,383,Sub-Regional Urban Center,Chicopee,55298,23739,01902_380
62,62,Chilmark,04800,25,2504800,"Barnstable (East), Dukes & Nantucket Counties--Outer Cape Cod Towns PUMA",G6120,S,861586674,3954831116,+41.5702636,-070.3671147,CHILMARK,25007,Dukes,381,Rural Town,381,Rural Town,Chilmark,866,398,04800_381
63,63,Clarksburg,00100,25,2500100,Berkshire County--Pittsfield City PUMA,G6120,S,2400595943,50708444,+42.3714930,-073.2179276,CLARKSBURG,25003,Berkshire,381,Rural Town,381,Rural Town,Clarksburg,1702,675,00100_381
64,64,Clinton,00303,25,2500303,Worcester County (East Central) PUMA,G6120,S,359734779,21742847,+42.2838174,-071.6644698,CLINTON,25027,Worcester,380,Regional Urban Center,383,Sub-Regional Urban Center,Clinton,13606,5831,00303_380
65,65,Cohasset,03900,25,2503900,"Weymouth Town, Braintree Town Cities, Hingham, Hull & Cohasset Towns PUMA",G6120,S,169354091,143435976,+42.2535500,-070.8817919,COHASSET,25021,Norfolk,377,Developing Suburb,388,Country Suburb,Cohasset,7542,2722,03900_377
66,66,Colrain,00200,25,2500200,Franklin & Hampshire (North) Counties PUMA,G6120,S,2438805383,75882088,+42.5346542,-072.6410670,COLRAIN,25011,Franklin,381,Rural Town,381,Rural Town,Colrain,1671,683,00200_381
67,67,Concord,01400,25,2501400,Middlesex (West Central) & Worcester (East) Counties PUMA,G6120,S,426638284,12692952,+42.4560743,-071.4632797,CONCORD,25017,Middlesex,379,Maturing Suburb,386,Established Suburb/Cape Cod Town,Concord,17668,6484,01400_379
68,68,Conway,00200,25,2500200,Franklin & Hampshire (North) Counties PUMA,G6120,S,2438805383,75882088,+42.5346542,-072.6410670,CONWAY,25011,Franklin,381,Rural Town,381,Rural Town,Conway,1897,770,00200_381
69,69,Cummington,00200,25,2500200,Franklin & Hampshire (North) Counties PUMA,G6120,S,2438805383,75882088,+42.5346542,-072.6410670,CUMMINGTON,25015,Hampshire,381,Rural Town,381,Rural Town,Cummington,872,404,00200_381
70,70,Dalton,00100,25,2500100,Berkshire County--Pittsfield City PUMA,G6120,S,2400595943,50708444,+42.3714930,-073.2179276,DALTON,25003,Berkshire,377,Developing Suburb,387,Maturing New England Town,Dalton,6756,2737,00100_377
71,71,Danvers,01000,25,2501000,"Peabody City, Danvers, Reading, North Reading & Lynnfield Towns PUMA",G6120,S,161916248,6269093,+42.5538602,-071.0202455,DANVERS,25009,Essex,379,Maturing Suburb,385,Mature Suburb,Danvers,26493,10615,01000_379
72,72,Dartmouth,04301,25,2504301,Bristol (Outside New Bedford City) & Plymouth (South) Counties PUMA,G6120,S,685253149,119790748,+41.6837105,-070.9104126,DARTMOUTH,25005,Bristol,377,Developing Suburb,387,Maturing New England Town,Dartmouth,34032,11237,04301_377
73,73,Dedham,03602,25,2503602,"Norfolk County (Central)--Randolph, Norwood, Dedham, Canton & Holbrook Towns PUMA",G6120,S,146305244,5381105,+42.1872188,-071.1188846,DEDHAM,25021,Norfolk,379,Maturing Suburb,385,Mature Suburb,Dedham,24729,9651,03602_379
74,74,Deerfield,00200,25,2500200,Franklin & Hampshire (North) Counties PUMA,G6120,S,2438805383,75882088,+42.5346542,-072.6410670,DEERFIELD,25011,Franklin,377,Developing Suburb,387,Maturing New England Town,Deerfield,5125,2053,00200_377
75,75,Dennis,04800,25,2504800,"Barnstable (East), Dukes & Nantucket Counties--Outer Cape Cod Towns PUMA",G6120,S,861586674,3954831116,+41.5702636,-070.3671147,DENNIS,25001,Barnstable,379,Maturing Suburb,386,Established Suburb/Cape Cod Town,Dennis,14207,6928,04800_379
76,76,Dighton,04303,25,2504303,"Bristol County--Taunton City, Mansfield, Norton, Raynam, Dighton & Berkley Towns PUMA",G6120,S,397994109,13703271,+41.9154341,-071.1270921,DIGHTON,25005,Bristol,377,Developing Suburb,388,Country Suburb,Dighton,7086,2472,04303_377
77,77,Douglas,00304,25,2500304,Worcester County (South) PUMA,G6120,S,813149540,34966057,+42.0844843,-071.8173405,DOUGLAS,25027,Worcester,377,Developing Suburb,388,Country Suburb,Douglas,8471,3000,00304_377
78,78,Dover,03500,25,2503500,Norfolk (Northeast) & Middlesex (Southeast) Counties (West of Boston City) PUMA,G6120,S,248522450,8352404,+42.2842212,-071.3012932,DOVER,25021,Norfolk,377,Developing Suburb,388,Country Suburb,Dover,5589,1869,03500_377
79,79,Dracut,00501,25,2500501,Middlesex County (Outside Lowell City) PUMA,G6120,S,334456090,12383483,+42.6312247,-071.4487800,DRACUT,25017,Middlesex,377,Developing Suburb,387,Maturing New England Town,Dracut,29457,10956,00501_377
80,80,Dudley,00304,25,2500304,Worcester County (South) PUMA,G6120,S,813149540,34966057,+42.0844843,-071.8173405,DUDLEY,25027,Worcester,377,Developing Suburb,387,Maturing New England Town,Dudley,11390,4062,00304_377
81,81,Dunstable,00501,25,2500501,Middlesex County (Outside Lowell City) PUMA,G6120,S,334456090,12383483,+42.6312247,-071.4487800,DUNSTABLE,25017,Middlesex,377,Developing Suburb,388,Country Suburb,Dunstable,3179,1063,00501_377
82,82,Duxbury,04903,25,2504903,"Plymouth County (East)--Plymouth, Marshfield, Scituate, Duxbury & Kingston Towns PUMA",G6120,S,478214315,921403222,+42.0477990,-070.6232843,DUXBURY,25023,Plymouth,379,Maturing Suburb,386,Established Suburb/Cape Cod Town,Duxbury,15059,5344,04903_379
83,83,East Bridgewater,04901,25,2504901,Plymouth & Bristol Counties (Outside Brockton City) PUMA,G6120,S,299116344,6719809,+42.0365355,-071.0032765,EAST BRIDGEWATER,25023,Plymouth,377,Developing Suburb,387,Maturing New England Town,East Bridgewater,13794,4750,04901_377
84,84,East Brookfield,00302,25,2500302,Worcester County (West Central) PUMA,G6120,S,1047304446,37195682,+42.3006870,-072.0176430,EAST BROOKFIELD,25027,Worcester,377,Developing Suburb,387,Maturing New England Town,East Brookfield,2183,828,00302_377
85,85,East Longmeadow,01902,25,2501902,Hampden County (East of Springfield City)--Chicopee City PUMA,G6120,S,294703702,7815978,+42.0762003,-072.4251619,EAST LONGMEADOW,25013,Hampden,377,Developing Suburb,387,Maturing New England Town,East Longmeadow,15720,5851,01902_377
86,86,Eastham,04800,25,2504800,"Barnstable (East), Dukes & Nantucket Counties--Outer Cape Cod Towns PUMA",G6120,S,861586674,3954831116,+41.5702636,-070.3671147,EASTHAM,25001,Barnstable,379,Maturing Suburb,386,Established Suburb/Cape Cod Town,Eastham,4956,2388,04800_379
87,87,Easthampton,01600,25,2501600,Hampden (West & East) & Hampshire (South) Counties--Northampton City PUMA,G6120,S,1600249779,55929190,+42.2280120,-072.6072562,EASTHAMPTON,25015,Hampshire,380,Regional Urban Center,383,Sub-Regional Urban Center,Easthampton,16053,7224,01600_380
88,88,Easton,04901,25,2504901,Plymouth & Bristol Counties (Outside Brockton City) PUMA,G6120,S,299116344,6719809,+42.0365355,-071.0032765,EASTON,25005,Bristol,377,Developing Suburb,387,Maturing New England Town,Easton,23112,7865,04901_377
89,89,Edgartown,04800,25,2504800,"Barnstable (East), Dukes & Nantucket Counties--Outer Cape Cod Towns PUMA",G6120,S,861586674,3954831116,+41.5702636,-070.3671147,EDGARTOWN,25007,Dukes,377,Developing Suburb,387,Maturing New England Town,Edgartown,4067,1794,04800_377
90,90,Egremont,00100,25,2500100,Berkshire County--Pittsfield City PUMA,G6120,S,2400595943,50708444,+42.3714930,-073.2179276,EGREMONT,25003,Berkshire,381,Rural Town,381,Rural Town,Egremont,1225,563,00100_381
91,91,Erving,00200,25,2500200,Franklin & Hampshire (North) Counties PUMA,G6120,S,2438805383,75882088,+42.5346542,-072.6410670,ERVING,25011,Franklin,381,Rural Town,381,Rural Town,Erving,1800,745,00200_381
92,92,Essex,00703,25,2500703,"Essex County (East)--Salem, Beverly, Gloucester & Newburyport Cities PUMA",G6120,S,470201226,816319754,+42.6207584,-070.7600962,ESSEX,25009,Essex,377,Developing Suburb,387,Maturing New England Town,Essex,3504,1402,00703_377
93,93,Everett,00507,25,2500507,Middlesex County (East)--Somerville & Everett Cities PUMA,G6120,S,19539718,893846,+42.3982377,-071.0819697,EVERETT,25017,Middlesex,378,Inner Core,382,Metro Core Community,Everett,41667,15543,00507_378
94,94,Fairhaven,04500,25,2504500,Bristol County (South)--New Bedford City & Fairhaven Town PUMA,G6120,S,83872303,263377794,+41.5281012,-070.9109026,FAIRHAVEN,25005,Bristol,377,Developing Suburb,387,Maturing New England Town,Fairhaven,15873,6672,04500_377
95,95,Fall River,04302,25,2504302,Bristol County (Central)--Fall River City & Somerset Town PUMA,G6120,S,106228825,28768920,+41.7274076,-071.1149733,FALL RIVER,25005,Bristol,380,Regional Urban Center,389,Major Regional Urban Center,Fall River,88857,38457,04302_380
96,96,Falmouth,04700,25,2504700,Barnstable County (West)--Inner Cape Cod Towns & Barnstable Town City PUMA,G6120,S,546301022,76666749,+41.6614149,-070.4853421,FALMOUTH,25001,Barnstable,379,Maturing Suburb,386,Established Suburb/Cape Cod Town,Falmouth,31531,14069,04700_379
97,97,Fitchburg,00301,25,2500301,"Worcester County (Northeast)--Leominster, Fitchburg & Gardner Cities PUMA",G6120,S,364003927,13653176,+42.5610715,-071.8337246,FITCHBURG,25027,Worcester,380,Regional Urban Center,383,Sub-Regional Urban Center,Fitchburg,40318,15165,00301_380
98,98,Florida,00100,25,2500100,Berkshire County--Pittsfield City PUMA,G6120,S,2400595943,50708444,+42.3714930,-073.2179276,FLORIDA,25003,Berkshire,381,Rural Town,381,Rural Town,Florida,752,308,00100_381
99,99,Foxborough,03601,25,2503601,Norfolk County (Southwest)--Greater Franklin Town City PUMA,G6120,S,376379877,12718027,+42.0938306,-071.3196365,FOXBOROUGH,25021,Norfolk,377,Developing Suburb,387,Maturing New England Town,Foxborough,16865,6504,03601_377
100,100,Framingham,00504,25,2500504,"Middlesex County (South)--Framingham Town, Marlborough City & Natick Town PUMA",G6120,S,157648932,9589094,+42.3168079,-071.4516208,FRAMINGHAM,25017,Middlesex,380,Regional Urban Center,383,Sub-Regional Urban Center,Framingham,68318,26173,00504_380
101,101,Franklin,03601,25,2503601,Norfolk County (Southwest)--Greater Franklin Town City PUMA,G6120,S,376379877,12718027,+42.0938306,-071.3196365,FRANKLIN,25021,Norfolk,377,Developing Suburb,387,Maturing New England Town,Franklin,31635,10995,03601_377
102,102,Freetown,04301,25,2504301,Bristol (Outside New Bedford City) & Plymouth (South) Counties PUMA,G6120,S,685253149,119790748,+41.6837105,-070.9104126,FREETOWN,25005,Bristol,377,Developing Suburb,388,Country Suburb,Freetown,8870,3162,04301_377
103,103,Gardner,00301,25,2500301,"Worcester County (Northeast)--Leominster, Fitchburg & Gardner Cities PUMA",G6120,S,364003927,13653176,+42.5610715,-071.8337246,GARDNER,25027,Worcester,380,Regional Urban Center,383,Sub-Regional Urban Center,Gardner,20228,8224,00301_380
104,104,Aquinnah,04800,25,2504800,"Barnstable (East), Dukes & Nantucket Counties--Outer Cape Cod Towns PUMA",G6120,S,861586674,3954831116,+41.5702636,-070.3671147,AQUINNAH,25007,Dukes,381,Rural Town,381,Rural Town,Aquinnah,311,145,04800_381
105,105,Georgetown,00702,25,2500702,Essex County (Central)--Amesbury Town City PUMA,G6120,S,396273911,24253025,+42.7009380,-070.9883458,GEORGETOWN,25009,Essex,377,Developing Suburb,388,Country Suburb,Georgetown,8183,2937,00702_377
106,106,Gill,00200,25,2500200,Franklin & Hampshire (North) Counties PUMA,G6120,S,2438805383,75882088,+42.5346542,-072.6410670,GILL,25011,Franklin,381,Rural Town,381,Rural Town,Gill,1500,568,00200_381
107,107,Gloucester,00703,25,2500703,"Essex County (East)--Salem, Beverly, Gloucester & Newburyport Cities PUMA",G6120,S,470201226,816319754,+42.6207584,-070.7600962,GLOUCESTER,25009,Essex,380,Regional Urban Center,383,Sub-Regional Urban Center,Gloucester,28789,12486,00703_380
108,108,Goshen,00200,25,2500200,Franklin & Hampshire (North) Counties PUMA,G6120,S,2438805383,75882088,+42.5346542,-072.6410670,GOSHEN,25015,Hampshire,381,Rural Town,381,Rural Town,Goshen,1054,416,00200_381
109,109,Gosnold,04800,25,2504800,"Barnstable (East), Dukes & Nantucket Counties--Outer Cape Cod Towns PUMA",G6120,S,861586674,3954831116,+41.5702636,-070.3671147,GOSNOLD,25007,Dukes,381,Rural Town,381,Rural Town,Gosnold,75,39,04800_381
110,110,Grafton,00303,25,2500303,Worcester County (East Central) PUMA,G6120,S,359734779,21742847,+42.2838174,-071.6644698,GRAFTON,25027,Worcester,377,Developing Suburb,387,Maturing New England Town,Grafton,17765,6892,00303_377
111,111,Granby,01600,25,2501600,Hampden (West & East) & Hampshire (South) Counties--Northampton City PUMA,G6120,S,1600249779,55929190,+42.2280120,-072.6072562,GRANBY,25015,Hampshire,377,Developing Suburb,388,Country Suburb,Granby,6240,2374,01600_377
112,112,Granville,01600,25,2501600,Hampden (West & East) & Hampshire (South) Counties--Northampton City PUMA,G6120,S,1600249779,55929190,+42.2280120,-072.6072562,GRANVILLE,25013,Hampden,381,Rural Town,381,Rural Town,Granville,1566,608,01600_381
113,113,Great Barrington,00100,25,2500100,Berkshire County--Pittsfield City PUMA,G6120,S,2400595943,50708444,+42.3714930,-073.2179276,GREAT BARRINGTON,25003,Berkshire,377,Developing Suburb,387,Maturing New England Town,Great Barrington,7104,2879,00100_377
114,114,Greenfield,00200,25,2500200,Franklin & Hampshire (North) Counties PUMA,G6120,S,2438805383,75882088,+42.5346542,-072.6410670,GREENFIELD,25011,Franklin,377,Developing Suburb,387,Maturing New England Town,Greenfield,17456,7852,00200_377
115,115,Groton,00400,25,2500400,"Worcester & Middlesex Counties (Outside Leominster, Fitchburg & Gardner Cities) PUMA",G6120,S,1400492448,68023886,+42.4370207,-071.6970931,GROTON,25017,Middlesex,377,Developing Suburb,388,Country Suburb,Groton,10646,3753,00400_377
116,116,Groveland,00702,25,2500702,Essex County (Central)--Amesbury Town City PUMA,G6120,S,396273911,24253025,+42.7009380,-070.9883458,GROVELAND,25009,Essex,379,Maturing Suburb,386,Established Suburb/Cape Cod Town,Groveland,6459,2346,00702_379
117,117,Hadley,01600,25,2501600,Hampden (West & East) & Hampshire (South) Counties--Northampton City PUMA,G6120,S,1600249779,55929190,+42.2280120,-072.6072562,HADLEY,25015,Hampshire,377,Developing Suburb,387,Maturing New England Town,Hadley,5250,2107,01600_377
118,118,Halifax,04902,25,2504902,Plymouth County (Central) PUMA,G6120,S,621263929,43588017,+41.9467973,-070.8460227,HALIFAX,25023,Plymouth,377,Developing Suburb,387,Maturing New England Town,Halifax,7518,2863,04902_377
119,119,Hamilton,00702,25,2500702,Essex County (Central)--Amesbury Town City PUMA,G6120,S,396273911,24253025,+42.7009380,-070.9883458,HAMILTON,25009,Essex,377,Developing Suburb,387,Maturing New England Town,Hamilton,7764,2692,00702_377
120,120,Hampden,01902,25,2501902,Hampden County (East of Springfield City)--Chicopee City PUMA,G6120,S,294703702,7815978,+42.0762003,-072.4251619,HAMPDEN,25013,Hampden,377,Developing Suburb,388,Country Suburb,Hampden,5139,1898,01902_377
121,121,Hancock,00100,25,2500100,Berkshire County--Pittsfield City PUMA,G6120,S,2400595943,50708444,+42.3714930,-073.2179276,HANCOCK,25003,Berkshire,381,Rural Town,381,Rural Town,Hancock,717,299,00100_381
122,122,Hanover,04902,25,2504902,Plymouth County (Central) PUMA,G6120,S,621263929,43588017,+41.9467973,-070.8460227,HANOVER,25023,Plymouth,377,Developing Suburb,387,Maturing New England Town,Hanover,13879,4709,04902_377
123,123,Hanson,04902,25,2504902,Plymouth County (Central) PUMA,G6120,S,621263929,43588017,+41.9467973,-070.8460227,HANSON,25023,Plymouth,377,Developing Suburb,387,Maturing New England Town,Hanson,10209,3468,04902_377
124,124,Hardwick,00302,25,2500302,Worcester County (West Central) PUMA,G6120,S,1047304446,37195682,+42.3006870,-072.0176430,HARDWICK,25027,Worcester,381,Rural Town,381,Rural Town,Hardwick,2990,1094,00302_381
125,125,Harvard,00400,25,2500400,"Worcester & Middlesex Counties (Outside Leominster, Fitchburg & Gardner Cities) PUMA",G6120,S,1400492448,68023886,+42.4370207,-071.6970931,HARVARD,25027,Worcester,377,Developing Suburb,388,Country Suburb,Harvard,6520,1893,00400_377
126,126,Harwich,04800,25,2504800,"Barnstable (East), Dukes & Nantucket Counties--Outer Cape Cod Towns PUMA",G6120,S,861586674,3954831116,+41.5702636,-070.3671147,HARWICH,25001,Barnstable,377,Developing Suburb,387,Maturing New England Town,Harwich,12243,5623,04800_377
127,127,Hatfield,00200,25,2500200,Franklin & Hampshire (North) Counties PUMA,G6120,S,2438805383,75882088,+42.5346542,-072.6410670,HATFIELD,25015,Hampshire,377,Developing Suburb,388,Country Suburb,Hatfield,3279,1483,00200_377
128,128,Haverhill,00701,25,2500701,"Essex County (Northwest)--Lawrence, Haverhill & Methuen Town Cities PUMA",G6120,S,161116816,10201319,+42.7585024,-071.1316211,HAVERHILL,25009,Essex,380,Regional Urban Center,383,Sub-Regional Urban Center,Haverhill,60879,24150,00701_380
129,129,Hawley,00200,25,2500200,Franklin & Hampshire (North) Counties PUMA,G6120,S,2438805383,75882088,+42.5346542,-072.6410670,HAWLEY,25011,Franklin,381,Rural Town,381,Rural Town,Hawley,337,128,00200_381
130,130,Heath,00200,25,2500200,Franklin & Hampshire (North) Counties PUMA,G6120,S,2438805383,75882088,+42.5346542,-072.6410670,HEATH,25011,Franklin,381,Rural Town,381,Rural Town,Heath,706,302,00200_381
131,131,Hingham,03900,25,2503900,"Weymouth Town, Braintree Town Cities, Hingham, Hull & Cohasset Towns PUMA",G6120,S,169354091,143435976,+42.2535500,-070.8817919,HINGHAM,25023,Plymouth,379,Maturing Suburb,386,Established Suburb/Cape Cod Town,Hingham,22157,8465,03900_379
132,132,Hinsdale,00100,25,2500100,Berkshire County--Pittsfield City PUMA,G6120,S,2400595943,50708444,+42.3714930,-073.2179276,HINSDALE,25003,Berkshire,381,Rural Town,381,Rural Town,Hinsdale,2032,868,00100_381
133,133,Holbrook,03602,25,2503602,"Norfolk County (Central)--Randolph, Norwood, Dedham, Canton & Holbrook Towns PUMA",G6120,S,146305244,5381105,+42.1872188,-071.1188846,HOLBROOK,25021,Norfolk,379,Maturing Suburb,385,Mature Suburb,Holbrook,10791,4102,03602_379
134,134,Holden,00302,25,2500302,Worcester County (West Central) PUMA,G6120,S,1047304446,37195682,+42.3006870,-072.0176430,HOLDEN,25027,Worcester,377,Developing Suburb,387,Maturing New England Town,Holden,17346,6394,00302_377
135,135,Holland,01600,25,2501600,Hampden (West & East) & Hampshire (South) Counties--Northampton City PUMA,G6120,S,1600249779,55929190,+42.2280120,-072.6072562,HOLLAND,25013,Hampden,377,Developing Suburb,387,Maturing New England Town,Holland,2481,994,01600_377
136,136,Holliston,02400,25,2502400,"Middlesex (Far Southwest), Norfolk (Northwest) & Worcester (Far East) Counties PUMA",G6120,S,321043988,12840834,+42.2112799,-071.4631038,HOLLISTON,25017,Middlesex,377,Developing Suburb,387,Maturing New England Town,Holliston,13547,4940,02400_377
137,137,Holyoke,01901,25,2501901,Hampden County (West of Springfield City)--Westfield & Holyoke Cities PUMA,G6120,S,358192086,13881319,+42.1180895,-072.7081570,HOLYOKE,25013,Hampden,380,Regional Urban Center,383,Sub-Regional Urban Center,Holyoke,39880,15361,01901_380
138,138,Hopedale,00304,25,2500304,Worcester County (South) PUMA,G6120,S,813149540,34966057,+42.0844843,-071.8173405,HOPEDALE,25027,Worcester,377,Developing Suburb,387,Maturing New England Town,Hopedale,5911,2194,00304_377
139,139,Hopkinton,02400,25,2502400,"Middlesex (Far Southwest), Norfolk (Northwest) & Worcester (Far East) Counties PUMA",G6120,S,321043988,12840834,+42.2112799,-071.4631038,HOPKINTON,25017,Middlesex,377,Developing Suburb,388,Country Suburb,Hopkinton,14925,4957,02400_377
140,140,Hubbardston,00400,25,2500400,"Worcester & Middlesex Counties (Outside Leominster, Fitchburg & Gardner Cities) PUMA",G6120,S,1400492448,68023886,+42.4370207,-071.6970931,HUBBARDSTON,25027,Worcester,381,Rural Town,381,Rural Town,Hubbardston,4382,1566,00400_381
141,141,Hudson,01400,25,2501400,Middlesex (West Central) & Worcester (East) Counties PUMA,G6120,S,426638284,12692952,+42.4560743,-071.4632797,HUDSON,25017,Middlesex,377,Developing Suburb,387,Maturing New England Town,Hudson,19063,7528,01400_377
142,142,Hull,03900,25,2503900,"Weymouth Town, Braintree Town Cities, Hingham, Hull & Cohasset Towns PUMA",G6120,S,169354091,143435976,+42.2535500,-070.8817919,HULL,25023,Plymouth,379,Maturing Suburb,385,Mature Suburb,Hull,10293,4630,03900_379
143,143,Huntington,01600,25,2501600,Hampden (West & East) & Hampshire (South) Counties--Northampton City PUMA,G6120,S,1600249779,55929190,+42.2280120,-072.6072562,HUNTINGTON,25015,Hampshire,381,Rural Town,381,Rural Town,Huntington,2180,868,01600_381
144,144,Ipswich,00703,25,2500703,"Essex County (East)--Salem, Beverly, Gloucester & Newburyport Cities PUMA",G6120,S,470201226,816319754,+42.6207584,-070.7600962,IPSWICH,25009,Essex,377,Developing Suburb,387,Maturing New England Town,Ipswich,13175,5462,00703_377
145,145,Kingston,04903,25,2504903,"Plymouth County (East)--Plymouth, Marshfield, Scituate, Duxbury & Kingston Towns PUMA",G6120,S,478214315,921403222,+42.0477990,-070.6232843,KINGSTON,25023,Plymouth,377,Developing Suburb,387,Maturing New England Town,Kingston,12629,4665,04903_377
146,146,Lakeville,04902,25,2504902,Plymouth County (Central) PUMA,G6120,S,621263929,43588017,+41.9467973,-070.8460227,LAKEVILLE,25023,Plymouth,377,Developing Suburb,387,Maturing New England Town,Lakeville,10602,3725,04902_377
147,147,Lancaster,00400,25,2500400,"Worcester & Middlesex Counties (Outside Leominster, Fitchburg & Gardner Cities) PUMA",G6120,S,1400492448,68023886,+42.4370207,-071.6970931,LANCASTER,25027,Worcester,377,Developing Suburb,387,Maturing New England Town,Lancaster,8055,2409,00400_377
148,148,Lanesborough,00100,25,2500100,Berkshire County--Pittsfield City PUMA,G6120,S,2400595943,50708444,+42.3714930,-073.2179276,LANESBOROUGH,25003,Berkshire,381,Rural Town,381,Rural Town,Lanesborough,3091,1291,00100_381
149,149,Lawrence,00701,25,2500701,"Essex County (Northwest)--Lawrence, Haverhill & Methuen Town Cities PUMA",G6120,S,161116816,10201319,+42.7585024,-071.1316211,LAWRENCE,25009,Essex,380,Regional Urban Center,389,Major Regional Urban Center,Lawrence,76377,25181,00701_380
150,150,Lee,00100,25,2500100,Berkshire County--Pittsfield City PUMA,G6120,S,2400595943,50708444,+42.3714930,-073.2179276,LEE,25003,Berkshire,377,Developing Suburb,387,Maturing New England Town,Lee,5943,2560,00100_377
151,151,Leicester,00302,25,2500302,Worcester County (West Central) PUMA,G6120,S,1047304446,37195682,+42.3006870,-072.0176430,LEICESTER,25027,Worcester,377,Developing Suburb,387,Maturing New England Town,Leicester,10970,4021,00302_377
152,152,Lenox,00100,25,2500100,Berkshire County--Pittsfield City PUMA,G6120,S,2400595943,50708444,+42.3714930,-073.2179276,LENOX,25003,Berkshire,377,Developing Suburb,387,Maturing New England Town,Lenox,5025,2283,00100_377
153,153,Leominster,00301,25,2500301,"Worcester County (Northeast)--Leominster, Fitchburg & Gardner Cities PUMA",G6120,S,364003927,13653176,+42.5610715,-071.8337246,LEOMINSTER,25027,Worcester,380,Regional Urban Center,383,Sub-Regional Urban Center,Leominster,40759,16767,00301_380
154,154,Leverett,00200,25,2500200,Franklin & Hampshire (North) Counties PUMA,G6120,S,2438805383,75882088,+42.5346542,-072.6410670,LEVERETT,25011,Franklin,381,Rural Town,381,Rural Town,Leverett,1851,762,00200_381
155,155,Lexington,00503,25,2500503,"Middlesex County--Waltham City, Lexington, Burlington, Bedford & Lincoln Towns PUMA",G6120,S,178242037,5884943,+42.4498213,-071.2539485,LEXINGTON,25017,Middlesex,379,Maturing Suburb,386,Established Suburb/Cape Cod Town,Lexington,31394,11530,00503_379
156,156,Leyden,00200,25,2500200,Franklin & Hampshire (North) Counties PUMA,G6120,S,2438805383,75882088,+42.5346542,-072.6410670,LEYDEN,25011,Franklin,381,Rural Town,381,Rural Town,Leyden,711,288,00200_381
157,157,Lincoln,00503,25,2500503,"Middlesex County--Waltham City, Lexington, Burlington, Bedford & Lincoln Towns PUMA",G6120,S,178242037,5884943,+42.4498213,-071.2539485,LINCOLN,25017,Middlesex,379,Maturing Suburb,386,Established Suburb/Cape Cod Town,Lincoln,6362,2404,00503_379
158,158,Littleton,01400,25,2501400,Middlesex (West Central) & Worcester (East) Counties PUMA,G6120,S,426638284,12692952,+42.4560743,-071.4632797,LITTLETON,25017,Middlesex,377,Developing Suburb,387,Maturing New England Town,Littleton,8924,3297,01400_377
159,159,Longmeadow,01902,25,2501902,Hampden County (East of Springfield City)--Chicopee City PUMA,G6120,S,294703702,7815978,+42.0762003,-072.4251619,LONGMEADOW,25013,Hampden,379,Maturing Suburb,385,Mature Suburb,Longmeadow,15784,5741,01902_379
160,160,Lowell,00502,25,2500502,Middlesex County (Far Northeast)--Lowell City PUMA,G6120,S,35242043,2387953,+42.6389955,-071.3210199,LOWELL,25017,Middlesex,380,Regional Urban Center,389,Major Regional Urban Center,Lowell,106519,38470,00502_380
161,161,Ludlow,01902,25,2501902,Hampden County (East of Springfield City)--Chicopee City PUMA,G6120,S,294703702,7815978,+42.0762003,-072.4251619,LUDLOW,25013,Hampden,377,Developing Suburb,387,Maturing New England Town,Ludlow,21103,8080,01902_377
162,162,Lunenburg,00301,25,2500301,"Worcester County (Northeast)--Leominster, Fitchburg & Gardner Cities PUMA",G6120,S,364003927,13653176,+42.5610715,-071.8337246,LUNENBURG,25027,Worcester,377,Developing Suburb,388,Country Suburb,Lunenburg,10086,3835,00301_377
163,163,Lynn,00704,25,2500704,"Essex County (South)--Lynn City, Swampscott & Nahant Towns PUMA",G6120,S,38435393,8012180,+42.4708331,-070.9479536,LYNN,25009,Essex,380,Regional Urban Center,383,Sub-Regional Urban Center,Lynn,90329,33310,00704_380
164,164,Lynnfield,01000,25,2501000,"Peabody City, Danvers, Reading, North Reading & Lynnfield Towns PUMA",G6120,S,161916248,6269093,+42.5538602,-071.0202455,LYNNFIELD,25009,Essex,379,Maturing Suburb,386,Established Suburb/Cape Cod Town,Lynnfield,11596,4179,01000_379
165,165,Malden,00508,25,2500508,Middlesex County (East)--Malden & Medford Cities PUMA,G6120,S,34045021,1557594,+42.4253551,-071.0898403,MALDEN,25017,Middlesex,378,Inner Core,382,Metro Core Community,Malden,59450,23673,00508_378
166,166,Manchester,00703,25,2500703,"Essex County (East)--Salem, Beverly, Gloucester & Newburyport Cities PUMA",G6120,S,470201226,816319754,+42.6207584,-070.7600962,MANCHESTER,25009,Essex,377,Developing Suburb,387,Maturing New England Town,Manchester-by-the-Sea,5136,2147,00703_377
167,167,Mansfield,04303,25,2504303,"Bristol County--Taunton City, Mansfield, Norton, Raynam, Dighton & Berkley Towns PUMA",G6120,S,397994109,13703271,+41.9154341,-071.1270921,MANSFIELD,25005,Bristol,379,Maturing Suburb,386,Established Suburb/Cape Cod Town,Mansfield,23184,8399,04303_379
168,168,Marblehead,00703,25,2500703,"Essex County (East)--Salem, Beverly, Gloucester & Newburyport Cities PUMA",G6120,S,470201226,816319754,+42.6207584,-070.7600962,MARBLEHEAD,25009,Essex,379,Maturing Suburb,385,Mature Suburb,Marblehead,19808,8144,00703_379
169,169,Marion,04301,25,2504301,Bristol (Outside New Bedford City) & Plymouth (South) Counties PUMA,G6120,S,685253149,119790748,+41.6837105,-070.9104126,MARION,25023,Plymouth,377,Developing Suburb,387,Maturing New England Town,Marion,4907,1896,04301_377
170,170,Marlborough,00504,25,2500504,"Middlesex County (South)--Framingham Town, Marlborough City & Natick Town PUMA",G6120,S,157648932,9589094,+42.3168079,-071.4516208,MARLBOROUGH,25017,Middlesex,380,Regional Urban Center,383,Sub-Regional Urban Center,Marlborough,38499,15395,00504_380
171,171,Marshfield,04903,25,2504903,"Plymouth County (East)--Plymouth, Marshfield, Scituate, Duxbury & Kingston Towns PUMA",G6120,S,478214315,921403222,+42.0477990,-070.6232843,MARSHFIELD,25023,Plymouth,379,Maturing Suburb,386,Established Suburb/Cape Cod Town,Marshfield,25132,9526,04903_379
172,172,Mashpee,04700,25,2504700,Barnstable County (West)--Inner Cape Cod Towns & Barnstable Town City PUMA,G6120,S,546301022,76666749,+41.6614149,-070.4853421,MASHPEE,25001,Barnstable,379,Maturing Suburb,386,Established Suburb/Cape Cod Town,Mashpee,14006,6118,04700_379
173,173,Mattapoisett,04301,25,2504301,Bristol (Outside New Bedford City) & Plymouth (South) Counties PUMA,G6120,S,685253149,119790748,+41.6837105,-070.9104126,MATTAPOISETT,25023,Plymouth,377,Developing Suburb,387,Maturing New England Town,Mattapoisett,6045,2505,04301_377
174,174,Maynard,01400,25,2501400,Middlesex (West Central) & Worcester (East) Counties PUMA,G6120,S,426638284,12692952,+42.4560743,-071.4632797,MAYNARD,25017,Middlesex,379,Maturing Suburb,385,Mature Suburb,Maynard,10106,4239,01400_379
175,175,Medfield,02400,25,2502400,"Middlesex (Far Southwest), Norfolk (Northwest) & Worcester (Far East) Counties PUMA",G6120,S,321043988,12840834,+42.2112799,-071.4631038,MEDFIELD,25021,Norfolk,379,Maturing Suburb,386,Established Suburb/Cape Cod Town,Medfield,12024,4117,02400_379
176,176,Medford,00508,25,2500508,Middlesex County (East)--Malden & Medford Cities PUMA,G6120,S,34045021,1557594,+42.4253551,-071.0898403,MEDFORD,25017,Middlesex,378,Inner Core,384,Streetcar Suburb,Medford,56173,22810,00508_378
177,177,Medway,02400,25,2502400,"Middlesex (Far Southwest), Norfolk (Northwest) & Worcester (Far East) Counties PUMA",G6120,S,321043988,12840834,+42.2112799,-071.4631038,MEDWAY,25021,Norfolk,377,Developing Suburb,387,Maturing New England Town,Medway,12752,4435,02400_377
178,178,Melrose,02800,25,2502800,"Woburn, Melrose Cities, Saugus, Wakefield & Stoneham Towns PUMA",G6120,S,107482044,6766227,+42.4775828,-071.0836316,MELROSE,25017,Middlesex,378,Inner Core,384,Streetcar Suburb,Melrose,26983,11213,02800_378
179,179,Mendon,00304,25,2500304,Worcester County (South) PUMA,G6120,S,813149540,34966057,+42.0844843,-071.8173405,MENDON,25027,Worcester,377,Developing Suburb,388,Country Suburb,Mendon,5839,2022,00304_377
180,180,Merrimac,00702,25,2500702,Essex County (Central)--Amesbury Town City PUMA,G6120,S,396273911,24253025,+42.7009380,-070.9883458,MERRIMAC,25009,Essex,377,Developing Suburb,387,Maturing New England Town,Merrimac,6338,2417,00702_377
181,181,Methuen,00701,25,2500701,"Essex County (Northwest)--Lawrence, Haverhill & Methuen Town Cities PUMA",G6120,S,161116816,10201319,+42.7585024,-071.1316211,METHUEN,25009,Essex,380,Regional Urban Center,383,Sub-Regional Urban Center,Methuen,47255,17529,00701_380
182,182,Middleborough,04902,25,2504902,Plymouth County (Central) PUMA,G6120,S,621263929,43588017,+41.9467973,-070.8460227,MIDDLEBOROUGH,25023,Plymouth,377,Developing Suburb,388,Country Suburb,Middleborough,23116,8468,04902_377
183,183,Middlefield,00200,25,2500200,Franklin & Hampshire (North) Counties PUMA,G6120,S,2438805383,75882088,+42.5346542,-072.6410670,MIDDLEFIELD,25015,Hampshire,381,Rural Town,381,Rural Town,Middlefield,521,218,00200_381
184,184,Middleton,00702,25,2500702,Essex County (Central)--Amesbury Town City PUMA,G6120,S,396273911,24253025,+42.7009380,-070.9883458,MIDDLETON,25009,Essex,377,Developing Suburb,387,Maturing New England Town,Middleton,8987,2898,00702_377
185,185,Milford,02400,25,2502400,"Middlesex (Far Southwest), Norfolk (Northwest) & Worcester (Far East) Counties PUMA",G6120,S,321043988,12840834,+42.2112799,-071.4631038,MILFORD,25027,Worcester,380,Regional Urban Center,383,Sub-Regional Urban Center,Milford,27999,10872,02400_380
186,186,Millbury,00302,25,2500302,Worcester County (West Central) PUMA,G6120,S,1047304446,37195682,+42.3006870,-072.0176430,MILLBURY,25027,Worcester,377,Developing Suburb,387,Maturing New England Town,Millbury,13261,5294,00302_377
187,187,Millis,02400,25,2502400,"Middlesex (Far Southwest), Norfolk (Northwest) & Worcester (Far East) Counties PUMA",G6120,S,321043988,12840834,+42.2112799,-071.4631038,MILLIS,25021,Norfolk,377,Developing Suburb,387,Maturing New England Town,Millis,7891,3030,02400_377
188,188,Millville,00304,25,2500304,Worcester County (South) PUMA,G6120,S,813149540,34966057,+42.0844843,-071.8173405,MILLVILLE,25027,Worcester,377,Developing Suburb,388,Country Suburb,Millville,3190,1094,00304_377
189,189,Milton,03603,25,2503603,Norfolk County (Northeast)--Quincy City & Milton Town PUMA,G6120,S,76615640,27539245,+42.2552007,-071.0328409,MILTON,25021,Norfolk,379,Maturing Suburb,386,Established Suburb/Cape Cod Town,Milton,27003,9274,03603_379
190,190,Monroe,00200,25,2500200,Franklin & Hampshire (North) Counties PUMA,G6120,S,2438805383,75882088,+42.5346542,-072.6410670,MONROE,25011,Franklin,381,Rural Town,381,Rural Town,Monroe,121,57,00200_381
191,191,Monson,01600,25,2501600,Hampden (West & East) & Hampshire (South) Counties--Northampton City PUMA,G6120,S,1600249779,55929190,+42.2280120,-072.6072562,MONSON,25013,Hampden,377,Developing Suburb,388,Country Suburb,Monson,8560,3279,01600_377
192,192,Montague,00200,25,2500200,Franklin & Hampshire (North) Counties PUMA,G6120,S,2438805383,75882088,+42.5346542,-072.6410670,MONTAGUE,25011,Franklin,377,Developing Suburb,387,Maturing New England Town,Montague,8437,3694,00200_377
193,193,Monterey,00100,25,2500100,Berkshire County--Pittsfield City PUMA,G6120,S,2400595943,50708444,+42.3714930,-073.2179276,MONTEREY,25003,Berkshire,381,Rural Town,381,Rural Town,Monterey,961,426,00100_381
194,194,Montgomery,01600,25,2501600,Hampden (West & East) & Hampshire (South) Counties--Northampton City PUMA,G6120,S,1600249779,55929190,+42.2280120,-072.6072562,MONTGOMERY,25013,Hampden,381,Rural Town,381,Rural Town,Montgomery,838,330,01600_381
195,195,Mount Washington,00100,25,2500100,Berkshire County--Pittsfield City PUMA,G6120,S,2400595943,50708444,+42.3714930,-073.2179276,MOUNT WASHINGTON,25003,Berkshire,381,Rural Town,381,Rural Town,Mount Washington,167,74,00100_381
196,196,Nahant,00704,25,2500704,"Essex County (South)--Lynn City, Swampscott & Nahant Towns PUMA",G6120,S,38435393,8012180,+42.4708331,-070.9479536,NAHANT,25009,Essex,379,Maturing Suburb,385,Mature Suburb,Nahant,3410,1540,00704_379
197,197,Nantucket,04800,25,2504800,"Barnstable (East), Dukes & Nantucket Counties--Outer Cape Cod Towns PUMA",G6120,S,861586674,3954831116,+41.5702636,-070.3671147,NANTUCKET,25019,Nantucket,377,Developing Suburb,387,Maturing New England Town,Nantucket,10172,4229,04800_377
198,198,Natick,00504,25,2500504,"Middlesex County (South)--Framingham Town, Marlborough City & Natick Town PUMA",G6120,S,157648932,9589094,+42.3168079,-071.4516208,NATICK,25017,Middlesex,379,Maturing Suburb,385,Mature Suburb,Natick,33006,13406,00504_379
199,199,Needham,03500,25,2503500,Norfolk (Northeast) & Middlesex (Southeast) Counties (West of Boston City) PUMA,G6120,S,248522450,8352404,+42.2842212,-071.3012932,NEEDHAM,25021,Norfolk,379,Maturing Suburb,385,Mature Suburb,Needham,28886,10341,03500_379
200,200,New Ashford,00100,25,2500100,Berkshire County--Pittsfield City PUMA,G6120,S,2400595943,50708444,+42.3714930,-073.2179276,NEW ASHFORD,25003,Berkshire,381,Rural Town,381,Rural Town,New Ashford,228,95,00100_381
201,201,New Bedford,04500,25,2504500,Bristol County (South)--New Bedford City & Fairhaven Town PUMA,G6120,S,83872303,263377794,+41.5281012,-070.9109026,NEW BEDFORD,25005,Bristol,380,Regional Urban Center,389,Major Regional Urban Center,New Bedford,95072,38761,04500_380
202,202,New Braintree,00302,25,2500302,Worcester County (West Central) PUMA,G6120,S,1047304446,37195682,+42.3006870,-072.0176430,NEW BRAINTREE,25027,Worcester,381,Rural Town,381,Rural Town,New Braintree,999,370,00302_381
203,203,New Marlborough,00100,25,2500100,Berkshire County--Pittsfield City PUMA,G6120,S,2400595943,50708444,+42.3714930,-073.2179276,NEW MARLBOROUGH,25003,Berkshire,381,Rural Town,381,Rural Town,New Marlborough,1509,630,00100_381
204,204,New Salem,00200,25,2500200,Franklin & Hampshire (North) Counties PUMA,G6120,S,2438805383,75882088,+42.5346542,-072.6410670,NEW SALEM,25011,Franklin,381,Rural Town,381,Rural Town,New Salem,990,404,00200_381
205,205,Newbury,00703,25,2500703,"Essex County (East)--Salem, Beverly, Gloucester & Newburyport Cities PUMA",G6120,S,470201226,816319754,+42.6207584,-070.7600962,NEWBURY,25009,Essex,377,Developing Suburb,388,Country Suburb,Newbury,6666,2594,00703_377
206,206,Newburyport,00703,25,2500703,"Essex County (East)--Salem, Beverly, Gloucester & Newburyport Cities PUMA",G6120,S,470201226,816319754,+42.6207584,-070.7600962,NEWBURYPORT,25009,Essex,380,Regional Urban Center,383,Sub-Regional Urban Center,Newburyport,17416,7622,00703_380
207,207,Newton,03400,25,2503400,Middlesex (Southeast) & Norfolk (Northeast) Counties--Newton City & Brookline Town PUMA,G6120,S,63671862,1013690,+42.3299362,-071.1882868,NEWTON,25017,Middlesex,378,Inner Core,384,Streetcar Suburb,Newton,85146,31168,03400_378
208,208,Norfolk,03601,25,2503601,Norfolk County (Southwest)--Greater Franklin Town City PUMA,G6120,S,376379877,12718027,+42.0938306,-071.3196365,NORFOLK,25021,Norfolk,377,Developing Suburb,387,Maturing New England Town,Norfolk,11227,3049,03601_377
209,209,North Adams,00100,25,2500100,Berkshire County--Pittsfield City PUMA,G6120,S,2400595943,50708444,+42.3714930,-073.2179276,NORTH ADAMS,25003,Berkshire,380,Regional Urban Center,383,Sub-Regional Urban Center,North Adams,13708,5868,00100_380
210,210,North Andover,00702,25,2500702,Essex County (Central)--Amesbury Town City PUMA,G6120,S,396273911,24253025,+42.7009380,-070.9883458,NORTH ANDOVER,25009,Essex,377,Developing Suburb,387,Maturing New England Town,North Andover,28352,10516,00702_377
211,211,North Attleborough,04200,25,2504200,"Attleboro City, North Attleborough, Swansea, Seekonk, Rehoboth & Plainville Towns PUMA",G6120,S,374568931,14048795,+41.8678735,-071.2821360,NORTH ATTLEBOROUGH,25005,Bristol,377,Developing Suburb,387,Maturing New England Town,North Attleborough,28712,10943,04200_377
212,212,North Brookfield,00302,25,2500302,Worcester County (West Central) PUMA,G6120,S,1047304446,37195682,+42.3006870,-072.0176430,NORTH BROOKFIELD,25027,Worcester,377,Developing Suburb,387,Maturing New England Town,North Brookfield,4680,1862,00302_377
213,213,North Reading,01000,25,2501000,"Peabody City, Danvers, Reading, North Reading & Lynnfield Towns PUMA",G6120,S,161916248,6269093,+42.5538602,-071.0202455,NORTH READING,25017,Middlesex,379,Maturing Suburb,386,Established Suburb/Cape Cod Town,North Reading,14892,5439,01000_379
214,214,Northampton,01600,25,2501600,Hampden (West & East) & Hampshire (South) Counties--Northampton City PUMA,G6120,S,1600249779,55929190,+42.2280120,-072.6072562,NORTHAMPTON,25015,Hampshire,380,Regional Urban Center,383,Sub-Regional Urban Center,Northampton,28549,12000,01600_380
215,215,Northborough,00303,25,2500303,Worcester County (East Central) PUMA,G6120,S,359734779,21742847,+42.2838174,-071.6644698,NORTHBOROUGH,25027,Worcester,377,Developing Suburb,387,Maturing New England Town,Northborough,14155,5110,00303_377
216,216,Northbridge,00304,25,2500304,Worcester County (South) PUMA,G6120,S,813149540,34966057,+42.0844843,-071.8173405,NORTHBRIDGE,25027,Worcester,377,Developing Suburb,387,Maturing New England Town,Northbridge,15707,5896,00304_377
217,217,Northfield,00200,25,2500200,Franklin & Hampshire (North) Counties PUMA,G6120,S,2438805383,75882088,+42.5346542,-072.6410670,NORTHFIELD,25011,Franklin,381,Rural Town,381,Rural Town,Northfield,3032,1226,00200_381
218,218,Norton,04303,25,2504303,"Bristol County--Taunton City, Mansfield, Norton, Raynam, Dighton & Berkley Towns PUMA",G6120,S,397994109,13703271,+41.9154341,-071.1270921,NORTON,25005,Bristol,377,Developing Suburb,387,Maturing New England Town,Norton,19031,6416,04303_377
219,219,Norwell,04902,25,2504902,Plymouth County (Central) PUMA,G6120,S,621263929,43588017,+41.9467973,-070.8460227,NORWELL,25023,Plymouth,377,Developing Suburb,388,Country Suburb,Norwell,10506,3553,04902_377
220,220,Norwood,03602,25,2503602,"Norfolk County (Central)--Randolph, Norwood, Dedham, Canton & Holbrook Towns PUMA",G6120,S,146305244,5381105,+42.1872188,-071.1188846,NORWOOD,25021,Norfolk,380,Regional Urban Center,383,Sub-Regional Urban Center,Norwood,28602,11917,03602_380
221,221,Oak Bluffs,04800,25,2504800,"Barnstable (East), Dukes & Nantucket Counties--Outer Cape Cod Towns PUMA",G6120,S,861586674,3954831116,+41.5702636,-070.3671147,OAK BLUFFS,25007,Dukes,377,Developing Suburb,387,Maturing New England Town,Oak Bluffs,4527,1989,04800_377
222,222,Oakham,00302,25,2500302,Worcester County (West Central) PUMA,G6120,S,1047304446,37195682,+42.3006870,-072.0176430,OAKHAM,25027,Worcester,381,Rural Town,381,Rural Town,Oakham,1902,685,00302_381
223,223,Orange,00200,25,2500200,Franklin & Hampshire (North) Counties PUMA,G6120,S,2438805383,75882088,+42.5346542,-072.6410670,ORANGE,25011,Franklin,377,Developing Suburb,387,Maturing New England Town,Orange,7839,3172,00200_377
224,224,Orleans,04800,25,2504800,"Barnstable (East), Dukes & Nantucket Counties--Outer Cape Cod Towns PUMA",G6120,S,861586674,3954831116,+41.5702636,-070.3671147,ORLEANS,25001,Barnstable,379,Maturing Suburb,386,Established Suburb/Cape Cod Town,Orleans,5890,2950,04800_379
225,225,Otis,00100,25,2500100,Berkshire County--Pittsfield City PUMA,G6120,S,2400595943,50708444,+42.3714930,-073.2179276,OTIS,25003,Berkshire,381,Rural Town,381,Rural Town,Otis,1612,708,00100_381
226,226,Oxford,00304,25,2500304,Worcester County (South) PUMA,G6120,S,813149540,34966057,+42.0844843,-071.8173405,OXFORD,25027,Worcester,377,Developing Suburb,387,Maturing New England Town,Oxford,13709,5272,00304_377
227,227,Palmer,01600,25,2501600,Hampden (West & East) & Hampshire (South) Counties--Northampton City PUMA,G6120,S,1600249779,55929190,+42.2280120,-072.6072562,PALMER,25013,Hampden,377,Developing Suburb,387,Maturing New England Town,Palmer,12140,5099,01600_377
228,228,Paxton,00302,25,2500302,Worcester County (West Central) PUMA,G6120,S,1047304446,37195682,+42.3006870,-072.0176430,PAXTON,25027,Worcester,377,Developing Suburb,388,Country Suburb,Paxton,4806,1546,00302_377
229,229,Peabody,01000,25,2501000,"Peabody City, Danvers, Reading, North Reading & Lynnfield Towns PUMA",G6120,S,161916248,6269093,+42.5538602,-071.0202455,PEABODY,25009,Essex,380,Regional Urban Center,383,Sub-Regional Urban Center,Peabody,51251,21313,01000_380
230,230,Pelham,00200,25,2500200,Franklin & Hampshire (North) Counties PUMA,G6120,S,2438805383,75882088,+42.5346542,-072.6410670,PELHAM,25015,Hampshire,381,Rural Town,381,Rural Town,Pelham,1321,549,00200_381
231,231,Pembroke,04902,25,2504902,Plymouth County (Central) PUMA,G6120,S,621263929,43588017,+41.9467973,-070.8460227,PEMBROKE,25023,Plymouth,379,Maturing Suburb,386,Established Suburb/Cape Cod Town,Pembroke,17837,6298,04902_379
232,232,Pepperell,00501,25,2500501,Middlesex County (Outside Lowell City) PUMA,G6120,S,334456090,12383483,+42.6312247,-071.4487800,PEPPERELL,25017,Middlesex,377,Developing Suburb,388,Country Suburb,Pepperell,11497,4197,00501_377
233,233,Peru,00100,25,2500100,Berkshire County--Pittsfield City PUMA,G6120,S,2400595943,50708444,+42.3714930,-073.2179276,PERU,25003,Berkshire,381,Rural Town,381,Rural Town,Peru,847,336,00100_381
234,234,Petersham,00400,25,2500400,"Worcester & Middlesex Counties (Outside Leominster, Fitchburg & Gardner Cities) PUMA",G6120,S,1400492448,68023886,+42.4370207,-071.6970931,PETERSHAM,25027,Worcester,381,Rural Town,381,Rural Town,Petersham,1234,493,00400_381
235,235,Phillipston,00400,25,2500400,"Worcester & Middlesex Counties (Outside Leominster, Fitchburg & Gardner Cities) PUMA",G6120,S,1400492448,68023886,+42.4370207,-071.6970931,PHILLIPSTON,25027,Worcester,381,Rural Town,381,Rural Town,Phillipston,1682,633,00400_381
236,236,Pittsfield,00100,25,2500100,Berkshire County--Pittsfield City PUMA,G6120,S,2400595943,50708444,+42.3714930,-073.2179276,PITTSFIELD,25003,Berkshire,380,Regional Urban Center,383,Sub-Regional Urban Center,Pittsfield,44737,19653,00100_380
237,237,Plainfield,00200,25,2500200,Franklin & Hampshire (North) Counties PUMA,G6120,S,2438805383,75882088,+42.5346542,-072.6410670,PLAINFIELD,25015,Hampshire,381,Rural Town,381,Rural Town,Plainfield,648,269,00200_381
238,238,Plainville,04200,25,2504200,"Attleboro City, North Attleborough, Swansea, Seekonk, Rehoboth & Plainville Towns PUMA",G6120,S,374568931,14048795,+41.8678735,-071.2821360,PLAINVILLE,25021,Norfolk,377,Developing Suburb,387,Maturing New England Town,Plainville,8264,3303,04200_377
239,239,Plymouth,04903,25,2504903,"Plymouth County (East)--Plymouth, Marshfield, Scituate, Duxbury & Kingston Towns PUMA",G6120,S,478214315,921403222,+42.0477990,-070.6232843,PLYMOUTH,25023,Plymouth,377,Developing Suburb,387,Maturing New England Town,Plymouth,56468,21269,04903_377
240,240,Plympton,04902,25,2504902,Plymouth County (Central) PUMA,G6120,S,621263929,43588017,+41.9467973,-070.8460227,PLYMPTON,25023,Plymouth,377,Developing Suburb,388,Country Suburb,Plympton,2820,1006,04902_377
241,241,Princeton,00400,25,2500400,"Worcester & Middlesex Counties (Outside Leominster, Fitchburg & Gardner Cities) PUMA",G6120,S,1400492448,68023886,+42.4370207,-071.6970931,PRINCETON,25027,Worcester,381,Rural Town,381,Rural Town,Princeton,3413,1279,00400_381
242,242,Provincetown,04800,25,2504800,"Barnstable (East), Dukes & Nantucket Counties--Outer Cape Cod Towns PUMA",G6120,S,861586674,3954831116,+41.5702636,-070.3671147,PROVINCETOWN,25001,Barnstable,380,Regional Urban Center,383,Sub-Regional Urban Center,Provincetown,2942,1765,04800_380
243,243,Quincy,03603,25,2503603,Norfolk County (Northeast)--Quincy City & Milton Town PUMA,G6120,S,76615640,27539245,+42.2552007,-071.0328409,QUINCY,25021,Norfolk,380,Regional Urban Center,383,Sub-Regional Urban Center,Quincy,92271,40658,03603_380
244,244,Randolph,03602,25,2503602,"Norfolk County (Central)--Randolph, Norwood, Dedham, Canton & Holbrook Towns PUMA",G6120,S,146305244,5381105,+42.1872188,-071.1188846,RANDOLPH,25021,Norfolk,379,Maturing Suburb,385,Mature Suburb,Randolph,32112,11551,03602_379
245,245,Raynham,04303,25,2504303,"Bristol County--Taunton City, Mansfield, Norton, Raynam, Dighton & Berkley Towns PUMA",G6120,S,397994109,13703271,+41.9154341,-071.1270921,RAYNHAM,25005,Bristol,377,Developing Suburb,387,Maturing New England Town,Raynham,13383,4875,04303_377
246,246,Reading,01000,25,2501000,"Peabody City, Danvers, Reading, North Reading & Lynnfield Towns PUMA",G6120,S,161916248,6269093,+42.5538602,-071.0202455,READING,25017,Middlesex,379,Maturing Suburb,385,Mature Suburb,Reading,24747,9305,01000_379
247,247,Rehoboth,04200,25,2504200,"Attleboro City, North Attleborough, Swansea, Seekonk, Rehoboth & Plainville Towns PUMA",G6120,S,374568931,14048795,+41.8678735,-071.2821360,REHOBOTH,25005,Bristol,377,Developing Suburb,388,Country Suburb,Rehoboth,11608,4101,04200_377
248,248,Revere,03306,25,2503306,"Suffolk County (North)--Revere, Chelsea & Winthrop Town Cities PUMA",G6120,S,27255130,12667880,+42.3772465,-070.9881186,REVERE,25025,Suffolk,378,Inner Core,382,Metro Core Community,Revere,51755,20454,03306_378
249,249,Richmond,00100,25,2500100,Berkshire County--Pittsfield City PUMA,G6120,S,2400595943,50708444,+42.3714930,-073.2179276,RICHMOND,25003,Berkshire,381,Rural Town,381,Rural Town,Richmond,1475,657,00100_381
250,250,Rochester,04301,25,2504301,Bristol (Outside New Bedford City) & Plymouth (South) Counties PUMA,G6120,S,685253149,119790748,+41.6837105,-070.9104126,ROCHESTER,25023,Plymouth,377,Developing Suburb,388,Country Suburb,Rochester,5232,1813,04301_377
251,251,Rockland,04901,25,2504901,Plymouth & Bristol Counties (Outside Brockton City) PUMA,G6120,S,299116344,6719809,+42.0365355,-071.0032765,ROCKLAND,25023,Plymouth,377,Developing Suburb,387,Maturing New England Town,Rockland,17489,6697,04901_377
252,252,Rockport,00703,25,2500703,"Essex County (East)--Salem, Beverly, Gloucester & Newburyport Cities PUMA",G6120,S,470201226,816319754,+42.6207584,-070.7600962,ROCKPORT,25009,Essex,377,Developing Suburb,387,Maturing New England Town,Rockport,6952,3213,00703_377
253,253,Rowe,00200,25,2500200,Franklin & Hampshire (North) Counties PUMA,G6120,S,2438805383,75882088,+42.5346542,-072.6410670,ROWE,25011,Franklin,381,Rural Town,381,Rural Town,Rowe,393,167,00200_381
254,254,Rowley,00703,25,2500703,"Essex County (East)--Salem, Beverly, Gloucester & Newburyport Cities PUMA",G6120,S,470201226,816319754,+42.6207584,-070.7600962,ROWLEY,25009,Essex,377,Developing Suburb,388,Country Suburb,Rowley,5856,2155,00703_377
255,255,Royalston,00400,25,2500400,"Worcester & Middlesex Counties (Outside Leominster, Fitchburg & Gardner Cities) PUMA",G6120,S,1400492448,68023886,+42.4370207,-071.6970931,ROYALSTON,25027,Worcester,381,Rural Town,381,Rural Town,Royalston,1258,498,00400_381
256,256,Russell,01600,25,2501600,Hampden (West & East) & Hampshire (South) Counties--Northampton City PUMA,G6120,S,1600249779,55929190,+42.2280120,-072.6072562,RUSSELL,25013,Hampden,381,Rural Town,381,Rural Town,Russell,1775,656,01600_381
257,257,Rutland,00302,25,2500302,Worcester County (West Central) PUMA,G6120,S,1047304446,37195682,+42.3006870,-072.0176430,RUTLAND,25027,Worcester,377,Developing Suburb,387,Maturing New England Town,Rutland,7973,2791,00302_377
258,258,Salem,00703,25,2500703,"Essex County (East)--Salem, Beverly, Gloucester & Newburyport Cities PUMA",G6120,S,470201226,816319754,+42.6207584,-070.7600962,SALEM,25009,Essex,380,Regional Urban Center,383,Sub-Regional Urban Center,Salem,41340,17842,00703_380
259,259,Salisbury,00703,25,2500703,"Essex County (East)--Salem, Beverly, Gloucester & Newburyport Cities PUMA",G6120,S,470201226,816319754,+42.6207584,-070.7600962,SALISBURY,25009,Essex,377,Developing Suburb,387,Maturing New England Town,Salisbury,8283,3441,00703_377
260,260,Sandisfield,00100,25,2500100,Berkshire County--Pittsfield City PUMA,G6120,S,2400595943,50708444,+42.3714930,-073.2179276,SANDISFIELD,25003,Berkshire,381,Rural Town,381,Rural Town,Sandisfield,915,377,00100_381
261,261,Sandwich,04700,25,2504700,Barnstable County (West)--Inner Cape Cod Towns & Barnstable Town City PUMA,G6120,S,546301022,76666749,+41.6614149,-070.4853421,SANDWICH,25001,Barnstable,379,Maturing Suburb,386,Established Suburb/Cape Cod Town,Sandwich,20675,7776,04700_379
262,262,Saugus,02800,25,2502800,"Woburn, Melrose Cities, Saugus, Wakefield & Stoneham Towns PUMA",G6120,S,107482044,6766227,+42.4775828,-071.0836316,SAUGUS,25009,Essex,379,Maturing Suburb,385,Mature Suburb,Saugus,26628,10318,02800_379
263,263,Savoy,00100,25,2500100,Berkshire County--Pittsfield City PUMA,G6120,S,2400595943,50708444,+42.3714930,-073.2179276,SAVOY,25003,Berkshire,381,Rural Town,381,Rural Town,Savoy,692,298,00100_381
264,264,Scituate,04903,25,2504903,"Plymouth County (East)--Plymouth, Marshfield, Scituate, Duxbury & Kingston Towns PUMA",G6120,S,478214315,921403222,+42.0477990,-070.6232843,SCITUATE,25023,Plymouth,379,Maturing Suburb,386,Established Suburb/Cape Cod Town,Scituate,18133,6859,04903_379
265,265,Seekonk,04200,25,2504200,"Attleboro City, North Attleborough, Swansea, Seekonk, Rehoboth & Plainville Towns PUMA",G6120,S,374568931,14048795,+41.8678735,-071.2821360,SEEKONK,25005,Bristol,377,Developing Suburb,387,Maturing New England Town,Seekonk,13722,5071,04200_377
266,266,Sharon,03601,25,2503601,Norfolk County (Southwest)--Greater Franklin Town City PUMA,G6120,S,376379877,12718027,+42.0938306,-071.3196365,SHARON,25021,Norfolk,379,Maturing Suburb,386,Established Suburb/Cape Cod Town,Sharon,17612,6219,03601_379
267,267,Sheffield,00100,25,2500100,Berkshire County--Pittsfield City PUMA,G6120,S,2400595943,50708444,+42.3714930,-073.2179276,SHEFFIELD,25003,Berkshire,381,Rural Town,381,Rural Town,Sheffield,3257,1424,00100_381
268,268,Shelburne,00200,25,2500200,Franklin & Hampshire (North) Counties PUMA,G6120,S,2438805383,75882088,+42.5346542,-072.6410670,SHELBURNE,25011,Franklin,381,Rural Town,381,Rural Town,Shelburne,1893,849,00200_381
269,269,Sherborn,03500,25,2503500,Norfolk (Northeast) & Middlesex (Southeast) Counties (West of Boston City) PUMA,G6120,S,248522450,8352404,+42.2842212,-071.3012932,SHERBORN,25017,Middlesex,377,Developing Suburb,388,Country Suburb,Sherborn,4119,1438,03500_377
270,270,Shirley,00400,25,2500400,"Worcester & Middlesex Counties (Outside Leominster, Fitchburg & Gardner Cities) PUMA",G6120,S,1400492448,68023886,+42.4370207,-071.6970931,SHIRLEY,25017,Middlesex,377,Developing Suburb,387,Maturing New England Town,Shirley,7211,2264,00400_377
271,271,Shrewsbury,00303,25,2500303,Worcester County (East Central) PUMA,G6120,S,359734779,21742847,+42.2838174,-071.6644698,SHREWSBURY,25027,Worcester,377,Developing Suburb,387,Maturing New England Town,Shrewsbury,35608,13424,00303_377
272,272,Shutesbury,00200,25,2500200,Franklin & Hampshire (North) Counties PUMA,G6120,S,2438805383,75882088,+42.5346542,-072.6410670,SHUTESBURY,25011,Franklin,381,Rural Town,381,Rural Town,Shutesbury,1771,714,00200_381
273,273,Somerset,04200,25,2504200,"Attleboro City, North Attleborough, Swansea, Seekonk, Rehoboth & Plainville Towns PUMA",G6120,S,374568931,14048795,+41.8678735,-071.2821360,SOMERSET,25005,Bristol,380,Regional Urban Center,383,Sub-Regional Urban Center,Somerset,18165,7087,04200_380
274,274,Somerville,00507,25,2500507,Middlesex County (East)--Somerville & Everett Cities PUMA,G6120,S,19539718,893846,+42.3982377,-071.0819697,SOMERVILLE,25017,Middlesex,378,Inner Core,382,Metro Core Community,Somerville,75754,32105,00507_378
275,275,South Hadley,01600,25,2501600,Hampden (West & East) & Hampshire (South) Counties--Northampton City PUMA,G6120,S,1600249779,55929190,+42.2280120,-072.6072562,SOUTH HADLEY,25015,Hampshire,377,Developing Suburb,387,Maturing New England Town,South Hadley,17514,6793,01600_377
276,276,Southampton,01600,25,2501600,Hampden (West & East) & Hampshire (South) Counties--Northampton City PUMA,G6120,S,1600249779,55929190,+42.2280120,-072.6072562,SOUTHAMPTON,25015,Hampshire,377,Developing Suburb,388,Country Suburb,Southampton,5792,2249,01600_377
277,277,Southborough,02400,25,2502400,"Middlesex (Far Southwest), Norfolk (Northwest) & Worcester (Far East) Counties PUMA",G6120,S,321043988,12840834,+42.2112799,-071.4631038,SOUTHBOROUGH,25027,Worcester,379,Maturing Suburb,386,Established Suburb/Cape Cod Town,Southborough,9767,3332,02400_379
278,278,Southbridge,00304,25,2500304,Worcester County (South) PUMA,G6120,S,813149540,34966057,+42.0844843,-071.8173405,SOUTHBRIDGE,25027,Worcester,380,Regional Urban Center,383,Sub-Regional Urban Center,Southbridge,16719,6866,00304_380
279,279,Southwick,01901,25,2501901,Hampden County (West of Springfield City)--Westfield & Holyoke Cities PUMA,G6120,S,358192086,13881319,+42.1180895,-072.7081570,SOUTHWICK,25013,Hampden,377,Developing Suburb,388,Country Suburb,Southwick,9502,3710,01901_377
280,280,Spencer,00302,25,2500302,Worcester County (West Central) PUMA,G6120,S,1047304446,37195682,+42.3006870,-072.0176430,SPENCER,25027,Worcester,377,Developing Suburb,387,Maturing New England Town,Spencer,11688,4744,00302_377
281,281,Springfield,01900,25,2501900,Hampden County (Central)--Springfield City PUMA,G6120,S,82540231,3141348,+42.1154540,-072.5399783,SPRINGFIELD,25013,Hampden,380,Regional Urban Center,389,Major Regional Urban Center,Springfield,153060,56752,01900_380
282,282,Sterling,00400,25,2500400,"Worcester & Middlesex Counties (Outside Leominster, Fitchburg & Gardner Cities) PUMA",G6120,S,1400492448,68023886,+42.4370207,-071.6970931,STERLING,25027,Worcester,377,Developing Suburb,388,Country Suburb,Sterling,7808,2810,00400_377
283,283,Stockbridge,00100,25,2500100,Berkshire County--Pittsfield City PUMA,G6120,S,2400595943,50708444,+42.3714930,-073.2179276,STOCKBRIDGE,25003,Berkshire,381,Rural Town,381,Rural Town,Stockbridge,1947,919,00100_381
284,284,Stoneham,02800,25,2502800,"Woburn, Melrose Cities, Saugus, Wakefield & Stoneham Towns PUMA",G6120,S,107482044,6766227,+42.4775828,-071.0836316,STONEHAM,25017,Middlesex,379,Maturing Suburb,385,Mature Suburb,Stoneham,21437,8994,02800_379
285,285,Stoughton,04000,25,2504000,"Plymouth & Norfolk Counties--Brockton City, Stoughton & Avon Towns PUMA",G6120,S,108026960,2084893,+42.1012625,-071.0566068,STOUGHTON,25021,Norfolk,379,Maturing Suburb,385,Mature Suburb,Stoughton,26962,10295,04000_379
286,286,Stow,01400,25,2501400,Middlesex (West Central) & Worcester (East) Counties PUMA,G6120,S,426638284,12692952,+42.4560743,-071.4632797,STOW,25017,Middlesex,377,Developing Suburb,388,Country Suburb,Stow,6590,2429,01400_377
287,287,Sturbridge,00304,25,2500304,Worcester County (South) PUMA,G6120,S,813149540,34966057,+42.0844843,-071.8173405,STURBRIDGE,25027,Worcester,377,Developing Suburb,387,Maturing New England Town,Sturbridge,9268,3611,00304_377
288,288,Sudbury,01400,25,2501400,Middlesex (West Central) & Worcester (East) Counties PUMA,G6120,S,426638284,12692952,+42.4560743,-071.4632797,SUDBURY,25017,Middlesex,379,Maturing Suburb,386,Established Suburb/Cape Cod Town,Sudbury,17659,5771,01400_379
289,289,Sunderland,00200,25,2500200,Franklin & Hampshire (North) Counties PUMA,G6120,S,2438805383,75882088,+42.5346542,-072.6410670,SUNDERLAND,25011,Franklin,377,Developing Suburb,387,Maturing New England Town,Sunderland,3684,1648,00200_377
290,290,Sutton,00304,25,2500304,Worcester County (South) PUMA,G6120,S,813149540,34966057,+42.0844843,-071.8173405,SUTTON,25027,Worcester,377,Developing Suburb,388,Country Suburb,Sutton,8963,3213,00304_377
291,291,Swampscott,00704,25,2500704,"Essex County (South)--Lynn City, Swampscott & Nahant Towns PUMA",G6120,S,38435393,8012180,+42.4708331,-070.9479536,SWAMPSCOTT,25009,Essex,379,Maturing Suburb,385,Mature Suburb,Swampscott,13787,5520,00704_379
292,292,Swansea,04200,25,2504200,"Attleboro City, North Attleborough, Swansea, Seekonk, Rehoboth & Plainville Towns PUMA",G6120,S,374568931,14048795,+41.8678735,-071.2821360,SWANSEA,25005,Bristol,377,Developing Suburb,387,Maturing New England Town,Swansea,15865,6079,04200_377
293,293,Taunton,04303,25,2504303,"Bristol County--Taunton City, Mansfield, Norton, Raynam, Dighton & Berkley Towns PUMA",G6120,S,397994109,13703271,+41.9154341,-071.1270921,TAUNTON,25005,Bristol,380,Regional Urban Center,383,Sub-Regional Urban Center,Taunton,55874,22332,04303_380
294,294,Templeton,00400,25,2500400,"Worcester & Middlesex Counties (Outside Leominster, Fitchburg & Gardner Cities) PUMA",G6120,S,1400492448,68023886,+42.4370207,-071.6970931,TEMPLETON,25027,Worcester,377,Developing Suburb,388,Country Suburb,Templeton,8013,2882,00400_377
295,295,Tewksbury,01300,25,2501300,"Billerica, Andover, Tewksbury & Wilmington Towns PUMA",G6120,S,243676851,6897824,+42.6061348,-071.2092474,TEWKSBURY,25017,Middlesex,379,Maturing Suburb,386,Established Suburb/Cape Cod Town,Tewksbury,28961,10492,01300_379
296,296,Tisbury,04800,25,2504800,"Barnstable (East), Dukes & Nantucket Counties--Outer Cape Cod Towns PUMA",G6120,S,861586674,3954831116,+41.5702636,-070.3671147,TISBURY,25007,Dukes,377,Developing Suburb,387,Maturing New England Town,Tisbury,3949,1806,04800_377
297,297,Tolland,01600,25,2501600,Hampden (West & East) & Hampshire (South) Counties--Northampton City PUMA,G6120,S,1600249779,55929190,+42.2280120,-072.6072562,TOLLAND,25013,Hampden,381,Rural Town,381,Rural Town,Tolland,485,197,01600_381
298,298,Topsfield,00702,25,2500702,Essex County (Central)--Amesbury Town City PUMA,G6120,S,396273911,24253025,+42.7009380,-070.9883458,TOPSFIELD,25009,Essex,377,Developing Suburb,388,Country Suburb,Topsfield,6085,2090,00702_377
299,299,Townsend,00400,25,2500400,"Worcester & Middlesex Counties (Outside Leominster, Fitchburg & Gardner Cities) PUMA",G6120,S,1400492448,68023886,+42.4370207,-071.6970931,TOWNSEND,25017,Middlesex,377,Developing Suburb,387,Maturing New England Town,Townsend,8926,3240,00400_377
300,300,Truro,04800,25,2504800,"Barnstable (East), Dukes & Nantucket Counties--Outer Cape Cod Towns PUMA",G6120,S,861586674,3954831116,+41.5702636,-070.3671147,TRURO,25001,Barnstable,381,Rural Town,381,Rural Town,Truro,2003,984,04800_381
301,301,Tyngsborough,00501,25,2500501,Middlesex County (Outside Lowell City) PUMA,G6120,S,334456090,12383483,+42.6312247,-071.4487800,TYNGSBOROUGH,25017,Middlesex,377,Developing Suburb,388,Country Suburb,Tyngsborough,11292,3999,00501_377
302,302,Tyringham,00100,25,2500100,Berkshire County--Pittsfield City PUMA,G6120,S,2400595943,50708444,+42.3714930,-073.2179276,TYRINGHAM,25003,Berkshire,381,Rural Town,381,Rural Town,Tyringham,327,138,00100_381
303,303,Upton,00303,25,2500303,Worcester County (East Central) PUMA,G6120,S,359734779,21742847,+42.2838174,-071.6644698,UPTON,25027,Worcester,377,Developing Suburb,388,Country Suburb,Upton,7542,2733,00303_377
304,304,Uxbridge,00304,25,2500304,Worcester County (South) PUMA,G6120,S,813149540,34966057,+42.0844843,-071.8173405,UXBRIDGE,25027,Worcester,377,Developing Suburb,388,Country Suburb,Uxbridge,13457,5056,00304_377
305,305,Wakefield,02800,25,2502800,"Woburn, Melrose Cities, Saugus, Wakefield & Stoneham Towns PUMA",G6120,S,107482044,6766227,+42.4775828,-071.0836316,WAKEFIELD,25017,Middlesex,379,Maturing Suburb,385,Mature Suburb,Wakefield,24932,9994,02800_379
306,306,Wales,01600,25,2501600,Hampden (West & East) & Hampshire (South) Counties--Northampton City PUMA,G6120,S,1600249779,55929190,+42.2280120,-072.6072562,WALES,25013,Hampden,381,Rural Town,381,Rural Town,Wales,1838,736,01600_381
307,307,Walpole,03601,25,2503601,Norfolk County (Southwest)--Greater Franklin Town City PUMA,G6120,S,376379877,12718027,+42.0938306,-071.3196365,WALPOLE,25021,Norfolk,377,Developing Suburb,387,Maturing New England Town,Walpole,24070,8730,03601_377
308,308,Waltham,00503,25,2500503,"Middlesex County--Waltham City, Lexington, Burlington, Bedford & Lincoln Towns PUMA",G6120,S,178242037,5884943,+42.4498213,-071.2539485,WALTHAM,25017,Middlesex,378,Inner Core,384,Streetcar Suburb,Waltham,60632,23690,00503_378
309,309,Ware,01600,25,2501600,Hampden (West & East) & Hampshire (South) Counties--Northampton City PUMA,G6120,S,1600249779,55929190,+42.2280120,-072.6072562,WARE,25015,Hampshire,377,Developing Suburb,387,Maturing New England Town,Ware,9872,4120,01600_377
310,310,Wareham,04301,25,2504301,Bristol (Outside New Bedford City) & Plymouth (South) Counties PUMA,G6120,S,685253149,119790748,+41.6837105,-070.9104126,WAREHAM,25023,Plymouth,377,Developing Suburb,387,Maturing New England Town,Wareham,21822,9071,04301_377
311,311,Warren,00302,25,2500302,Worcester County (West Central) PUMA,G6120,S,1047304446,37195682,+42.3006870,-072.0176430,WARREN,25027,Worcester,377,Developing Suburb,388,Country Suburb,Warren,5135,2021,00302_377
312,312,Warwick,00200,25,2500200,Franklin & Hampshire (North) Counties PUMA,G6120,S,2438805383,75882088,+42.5346542,-072.6410670,WARWICK,25011,Franklin,381,Rural Town,381,Rural Town,Warwick,780,329,00200_381
313,313,Washington,00100,25,2500100,Berkshire County--Pittsfield City PUMA,G6120,S,2400595943,50708444,+42.3714930,-073.2179276,WASHINGTON,25003,Berkshire,381,Rural Town,381,Rural Town,Washington,538,225,00100_381
314,314,Watertown,00505,25,2500505,"Middlesex County--Watertown Town City, Arlington, Belmont & Winchester Towns PUMA",G6120,S,51336717,2224756,+42.4136947,-071.1648652,WATERTOWN,25017,Middlesex,378,Inner Core,384,Streetcar Suburb,Watertown,31915,14709,00505_378
315,315,Wayland,03500,25,2503500,Norfolk (Northeast) & Middlesex (Southeast) Counties (West of Boston City) PUMA,G6120,S,248522450,8352404,+42.2842212,-071.3012932,WAYLAND,25017,Middlesex,379,Maturing Suburb,386,Established Suburb/Cape Cod Town,Wayland,12994,4808,03500_379
316,316,Webster,00304,25,2500304,Worcester County (South) PUMA,G6120,S,813149540,34966057,+42.0844843,-071.8173405,WEBSTER,25027,Worcester,380,Regional Urban Center,383,Sub-Regional Urban Center,Webster,16767,7088,00304_380
317,317,Wellesley,03500,25,2503500,Norfolk (Northeast) & Middlesex (Southeast) Counties (West of Boston City) PUMA,G6120,S,248522450,8352404,+42.2842212,-071.3012932,WELLESLEY,25021,Norfolk,379,Maturing Suburb,386,Established Suburb/Cape Cod Town,Wellesley,27982,8695,03500_379
318,318,Wellfleet,04800,25,2504800,"Barnstable (East), Dukes & Nantucket Counties--Outer Cape Cod Towns PUMA",G6120,S,861586674,3954831116,+41.5702636,-070.3671147,WELLFLEET,25001,Barnstable,379,Maturing Suburb,386,Established Suburb/Cape Cod Town,Wellfleet,2750,1366,04800_379
319,319,Wendell,00200,25,2500200,Franklin & Hampshire (North) Counties PUMA,G6120,S,2438805383,75882088,+42.5346542,-072.6410670,WENDELL,25011,Franklin,381,Rural Town,381,Rural Town,Wendell,848,391,00200_381
320,320,Wenham,00702,25,2500702,Essex County (Central)--Amesbury Town City PUMA,G6120,S,396273911,24253025,+42.7009380,-070.9883458,WENHAM,25009,Essex,377,Developing Suburb,387,Maturing New England Town,Wenham,4875,1358,00702_377
321,321,West Boylston,00302,25,2500302,Worcester County (West Central) PUMA,G6120,S,1047304446,37195682,+42.3006870,-072.0176430,WEST BOYLSTON,25027,Worcester,377,Developing Suburb,387,Maturing New England Town,West Boylston,7669,2616,00302_377
322,322,West Bridgewater,04901,25,2504901,Plymouth & Bristol Counties (Outside Brockton City) PUMA,G6120,S,299116344,6719809,+42.0365355,-071.0032765,WEST BRIDGEWATER,25023,Plymouth,377,Developing Suburb,387,Maturing New England Town,West Bridgewater,6916,2571,04901_377
323,323,West Brookfield,00302,25,2500302,Worcester County (West Central) PUMA,G6120,S,1047304446,37195682,+42.3006870,-072.0176430,WEST BROOKFIELD,25027,Worcester,377,Developing Suburb,388,Country Suburb,West Brookfield,3701,1479,00302_377
324,324,West Newbury,00702,25,2500702,Essex County (Central)--Amesbury Town City PUMA,G6120,S,396273911,24253025,+42.7009380,-070.9883458,WEST NEWBURY,25009,Essex,377,Developing Suburb,388,Country Suburb,West Newbury,4235,1508,00702_377
325,325,West Springfield,01901,25,2501901,Hampden County (West of Springfield City)--Westfield & Holyoke Cities PUMA,G6120,S,358192086,13881319,+42.1180895,-072.7081570,WEST SPRINGFIELD,25013,Hampden,380,Regional Urban Center,383,Sub-Regional Urban Center,West Springfield,28391,12124,01901_380
326,326,West Stockbridge,00100,25,2500100,Berkshire County--Pittsfield City PUMA,G6120,S,2400595943,50708444,+42.3714930,-073.2179276,WEST STOCKBRIDGE,25003,Berkshire,381,Rural Town,381,Rural Town,West Stockbridge,1306,593,00100_381
327,327,West Tisbury,04800,25,2504800,"Barnstable (East), Dukes & Nantucket Counties--Outer Cape Cod Towns PUMA",G6120,S,861586674,3954831116,+41.5702636,-070.3671147,WEST TISBURY,25007,Dukes,381,Rural Town,381,Rural Town,West Tisbury,2740,1197,04800_381
328,328,Westborough,00303,25,2500303,Worcester County (East Central) PUMA,G6120,S,359734779,21742847,+42.2838174,-071.6644698,WESTBOROUGH,25027,Worcester,377,Developing Suburb,387,Maturing New England Town,Westborough,18272,6924,00303_377
329,329,Westfield,01901,25,2501901,Hampden County (West of Springfield City)--Westfield & Holyoke Cities PUMA,G6120,S,358192086,13881319,+42.1180895,-072.7081570,WESTFIELD,25013,Hampden,380,Regional Urban Center,383,Sub-Regional Urban Center,Westfield,41094,15335,01901_380
330,330,Westford,00501,25,2500501,Middlesex County (Outside Lowell City) PUMA,G6120,S,334456090,12383483,+42.6312247,-071.4487800,WESTFORD,25017,Middlesex,377,Developing Suburb,388,Country Suburb,Westford,21951,7498,00501_377
331,331,Westhampton,01600,25,2501600,Hampden (West & East) & Hampshire (South) Counties--Northampton City PUMA,G6120,S,1600249779,55929190,+42.2280120,-072.6072562,WESTHAMPTON,25015,Hampshire,381,Rural Town,381,Rural Town,Westhampton,1607,623,01600_381
332,332,Westminster,00301,25,2500301,"Worcester County (Northeast)--Leominster, Fitchburg & Gardner Cities PUMA",G6120,S,364003927,13653176,+42.5610715,-071.8337246,WESTMINSTER,25027,Worcester,377,Developing Suburb,388,Country Suburb,Westminster,7277,2716,00301_377
333,333,Weston,03500,25,2503500,Norfolk (Northeast) & Middlesex (Southeast) Counties (West of Boston City) PUMA,G6120,S,248522450,8352404,+42.2842212,-071.3012932,WESTON,25017,Middlesex,379,Maturing Suburb,386,Established Suburb/Cape Cod Town,Weston,11261,3776,03500_379
334,334,Westport,04301,25,2504301,Bristol (Outside New Bedford City) & Plymouth (South) Counties PUMA,G6120,S,685253149,119790748,+41.6837105,-070.9104126,WESTPORT,25005,Bristol,377,Developing Suburb,387,Maturing New England Town,Westport,15532,6154,04301_377
335,335,Westwood,03500,25,2503500,Norfolk (Northeast) & Middlesex (Southeast) Counties (West of Boston City) PUMA,G6120,S,248522450,8352404,+42.2842212,-071.3012932,WESTWOOD,25021,Norfolk,379,Maturing Suburb,386,Established Suburb/Cape Cod Town,Westwood,14618,5249,03500_379
336,336,Weymouth,03900,25,2503900,"Weymouth Town, Braintree Town Cities, Hingham, Hull & Cohasset Towns PUMA",G6120,S,169354091,143435976,+42.2535500,-070.8817919,WEYMOUTH,25021,Norfolk,379,Maturing Suburb,385,Mature Suburb,Weymouth,53743,22435,03900_379
337,337,Whately,00200,25,2500200,Franklin & Hampshire (North) Counties PUMA,G6120,S,2438805383,75882088,+42.5346542,-072.6410670,WHATELY,25011,Franklin,381,Rural Town,381,Rural Town,Whately,1496,626,00200_381
338,338,Whitman,04901,25,2504901,Plymouth & Bristol Counties (Outside Brockton City) PUMA,G6120,S,299116344,6719809,+42.0365355,-071.0032765,WHITMAN,25023,Plymouth,377,Developing Suburb,387,Maturing New England Town,Whitman,14489,5300,04901_377
339,339,Wilbraham,01902,25,2501902,Hampden County (East of Springfield City)--Chicopee City PUMA,G6120,S,294703702,7815978,+42.0762003,-072.4251619,WILBRAHAM,25013,Hampden,377,Developing Suburb,387,Maturing New England Town,Wilbraham,14219,5309,01902_377
340,340,Williamsburg,00200,25,2500200,Franklin & Hampshire (North) Counties PUMA,G6120,S,2438805383,75882088,+42.5346542,-072.6410670,WILLIAMSBURG,25015,Hampshire,381,Rural Town,381,Rural Town,Williamsburg,2482,1118,00200_381
341,341,Williamstown,00100,25,2500100,Berkshire County--Pittsfield City PUMA,G6120,S,2400595943,50708444,+42.3714930,-073.2179276,WILLIAMSTOWN,25003,Berkshire,377,Developing Suburb,387,Maturing New England Town,Williamstown,7754,2542,00100_377
342,342,Wilmington,01300,25,2501300,"Billerica, Andover, Tewksbury & Wilmington Towns PUMA",G6120,S,243676851,6897824,+42.6061348,-071.2092474,WILMINGTON,25017,Middlesex,379,Maturing Suburb,386,Established Suburb/Cape Cod Town,Wilmington,22325,7532,01300_379
343,343,Winchendon,00400,25,2500400,"Worcester & Middlesex Counties (Outside Leominster, Fitchburg & Gardner Cities) PUMA",G6120,S,1400492448,68023886,+42.4370207,-071.6970931,WINCHENDON,25027,Worcester,377,Developing Suburb,388,Country Suburb,Winchendon,10300,3810,00400_377
344,344,Winchester,00505,25,2500505,"Middlesex County--Watertown Town City, Arlington, Belmont & Winchester Towns PUMA",G6120,S,51336717,2224756,+42.4136947,-071.1648652,WINCHESTER,25017,Middlesex,379,Maturing Suburb,385,Mature Suburb,Winchester,21374,7645,00505_379
345,345,Windsor,00100,25,2500100,Berkshire County--Pittsfield City PUMA,G6120,S,2400595943,50708444,+42.3714930,-073.2179276,WINDSOR,25003,Berkshire,381,Rural Town,381,Rural Town,Windsor,899,369,00100_381
346,346,Winthrop,03306,25,2503306,"Suffolk County (North)--Revere, Chelsea & Winthrop Town Cities PUMA",G6120,S,27255130,12667880,+42.3772465,-070.9881186,WINTHROP,25025,Suffolk,378,Inner Core,384,Streetcar Suburb,Winthrop,17497,7783,03306_378
347,347,Woburn,02800,25,2502800,"Woburn, Melrose Cities, Saugus, Wakefield & Stoneham Towns PUMA",G6120,S,107482044,6766227,+42.4775828,-071.0836316,WOBURN,25017,Middlesex,380,Regional Urban Center,383,Sub-Regional Urban Center,Woburn,38120,15524,02800_380
348,348,Worcester,00300,25,2500300,Worcester County (Central)--Worcester City PUMA,G6120,S,96762118,2811472,+42.2694781,-071.8077831,WORCESTER,25027,Worcester,380,Regional Urban Center,389,Major Regional Urban Center,Worcester,181045,68613,00300_380
349,349,Worthington,00200,25,2500200,Franklin & Hampshire (North) Counties PUMA,G6120,S,2438805383,75882088,+42.5346542,-072.6410670,WORTHINGTON,25015,Hampshire,381,Rural Town,381,Rural Town,Worthington,1156,522,00200_381
350,350,Wrentham,03601,25,2503601,Norfolk County (Southwest)--Greater Franklin Town City PUMA,G6120,S,376379877,12718027,+42.0938306,-071.3196365,WRENTHAM,25021,Norfolk,377,Developing Suburb,388,Country Suburb,Wrentham,10955,3703,03601_377
351,351,Yarmouth,04800,25,2504800,"Barnstable (East), Dukes & Nantucket Counties--Outer Cape Cod Towns PUMA",G6120,S,861586674,3954831116,+41.5702636,-070.3671147,YARMOUTH,25001,Barnstable,379,Maturing Suburb,386,Established Suburb/Cape Cod Town,Yarmouth,23793,11229,04800_379
