ct10_id,muni_id,muni_upper,municipal
25023502200,1,ABINGTON,Abington
25023520100,1,ABINGTON,Abington
25023520201,1,ABINGTON,Abington
25023520202,1,ABINGTON,Abington
25017363102,2,ACTON,Acton
25017363103,2,ACTON,Acton
25017363104,2,ACTON,Acton
25017363201,2,ACTON,Acton
25017363202,2,ACTON,Acton
25005654100,3,ACUSHNET,Acushnet
25005654200,3,ACUSHNET,Acushnet
25003922100,4,ADAMS,Adams
25003922200,4,ADAMS,Adams
25003922300,4,ADAMS,Adams
25013813204,5,AGAWAM,Agawam
25013813205,5,AGAWAM,Agawam
25013813206,5,AGAWAM,Agawam
25013813207,5,AGAWAM,Agawam
25013813208,5,AGAWAM,Agawam
25013813209,5,AGAWAM,Agawam
25003934300,6,ALFORD,Alford
25009266100,7,AMESBURY,Amesbury
25009266200,7,AMESBURY,Amesbury
25009266300,7,AMESBURY,Amesbury
25009266400,7,AMESBURY,Amesbury
25015820300,8,AMHERST,Amherst
25015820400,8,AMHERST,Amherst
25015820500,8,AMHERST,Amherst
25015820600,8,AMHERST,Amherst
25015820700,8,AMHERST,Amherst
25015820801,8,AMHERST,Amherst
25015820802,8,AMHERST,Amherst
25009254100,9,ANDOVER,Andover
25009254200,9,ANDOVER,Andover
25009254301,9,ANDOVER,Andover
25009254302,9,ANDOVER,Andover
25009254401,9,ANDOVER,Andover
25009254402,9,ANDOVER,Andover
25009254403,9,ANDOVER,Andover
25007200400,104,AQUINNAH,Aquinnah
25017356100,10,ARLINGTON,Arlington
25017356300,10,ARLINGTON,Arlington
25017356400,10,ARLINGTON,Arlington
25017356500,10,ARLINGTON,Arlington
25017356601,10,ARLINGTON,Arlington
25017356602,10,ARLINGTON,Arlington
25017356701,10,ARLINGTON,Arlington
25017356702,10,ARLINGTON,Arlington
25027700100,11,ASHBURNHAM,Ashburnham
25017300100,12,ASHBY,Ashby
25011041501,13,ASHFIELD,Ashfield
25017385100,14,ASHLAND,Ashland
25017385201,14,ASHLAND,Ashland
25017385202,14,ASHLAND,Ashland
25027703100,15,ATHOL,Athol
25027703200,15,ATHOL,Athol
25027703300,15,ATHOL,Athol
25005631100,16,ATTLEBORO,Attleboro
25005631200,16,ATTLEBORO,Attleboro
25005631300,16,ATTLEBORO,Attleboro
25005631400,16,ATTLEBORO,Attleboro
25005631500,16,ATTLEBORO,Attleboro
25005631600,16,ATTLEBORO,Attleboro
25005631700,16,ATTLEBORO,Attleboro
25005631800,16,ATTLEBORO,Attleboro
25027736100,17,AUBURN,Auburn
25027736200,17,AUBURN,Auburn
25027736300,17,AUBURN,Auburn
25027736400,17,AUBURN,Auburn
25027736500,17,AUBURN,Auburn
25021457100,18,AVON,Avon
25017325100,19,AYER,Ayer
25001012200,20,BARNSTABLE,Barnstable
25001012502,20,BARNSTABLE,Barnstable
25001012601,20,BARNSTABLE,Barnstable
25001012602,20,BARNSTABLE,Barnstable
25001012700,20,BARNSTABLE,Barnstable
25001012800,20,BARNSTABLE,Barnstable
25001012900,20,BARNSTABLE,Barnstable
25001013002,20,BARNSTABLE,Barnstable
25001013100,20,BARNSTABLE,Barnstable
25001013200,20,BARNSTABLE,Barnstable
25001015300,20,BARNSTABLE,Barnstable
25027722100,21,BARRE,Barre
25003932200,22,BECKET,Becket
25017359100,23,BEDFORD,Bedford
25017359300,23,BEDFORD,Bedford
25015820203,24,BELCHERTOWN,Belchertown
25015820204,24,BELCHERTOWN,Belchertown
25021443101,25,BELLINGHAM,Bellingham
25021443102,25,BELLINGHAM,Bellingham
25017357100,26,BELMONT,Belmont
25017357200,26,BELMONT,Belmont
25017357300,26,BELMONT,Belmont
25017357400,26,BELMONT,Belmont
25017357500,26,BELMONT,Belmont
25017357600,26,BELMONT,Belmont
25017357700,26,BELMONT,Belmont
25017357800,26,BELMONT,Belmont
25005616100,27,BERKLEY,Berkley
25027717100,28,BERLIN,Berlin
25011040200,29,BERNARDSTON,Bernardston
25009217100,30,BEVERLY,Beverly
25009217201,30,BEVERLY,Beverly
25009217202,30,BEVERLY,Beverly
25009217300,30,BEVERLY,Beverly
25009217400,30,BEVERLY,Beverly
25009217500,30,BEVERLY,Beverly
25009217600,30,BEVERLY,Beverly
25017316101,31,BILLERICA,Billerica
25017316102,31,BILLERICA,Billerica
25017316201,31,BILLERICA,Billerica
25017316202,31,BILLERICA,Billerica
25017316300,31,BILLERICA,Billerica
25017316400,31,BILLERICA,Billerica
25017316500,31,BILLERICA,Billerica
25027747101,32,BLACKSTONE,Blackstone
25027747102,32,BLACKSTONE,Blackstone
25013813000,33,BLANDFORD,Blandford
25027715100,34,BOLTON,Bolton
25023500101,35,BOSTON,Boston
25025000100,35,BOSTON,Boston
25025000201,35,BOSTON,Boston
25025000202,35,BOSTON,Boston
25025000301,35,BOSTON,Boston
25025000302,35,BOSTON,Boston
25025000401,35,BOSTON,Boston
25025000402,35,BOSTON,Boston
25025000502,35,BOSTON,Boston
25025000503,35,BOSTON,Boston
25025000504,35,BOSTON,Boston
25025000601,35,BOSTON,Boston
25025000602,35,BOSTON,Boston
25025000701,35,BOSTON,Boston
25025000703,35,BOSTON,Boston
25025000704,35,BOSTON,Boston
25025000802,35,BOSTON,Boston
25025000803,35,BOSTON,Boston
25025010103,35,BOSTON,Boston
25025010104,35,BOSTON,Boston
25025010203,35,BOSTON,Boston
25025010204,35,BOSTON,Boston
25025010300,35,BOSTON,Boston
25025010403,35,BOSTON,Boston
25025010404,35,BOSTON,Boston
25025010405,35,BOSTON,Boston
25025010408,35,BOSTON,Boston
25025010500,35,BOSTON,Boston
25025010600,35,BOSTON,Boston
25025010701,35,BOSTON,Boston
25025010702,35,BOSTON,Boston
25025010801,35,BOSTON,Boston
25025010802,35,BOSTON,Boston
25025020101,35,BOSTON,Boston
25025020200,35,BOSTON,Boston
25025020301,35,BOSTON,Boston
25025020302,35,BOSTON,Boston
25025020303,35,BOSTON,Boston
25025030100,35,BOSTON,Boston
25025030200,35,BOSTON,Boston
25025030300,35,BOSTON,Boston
25025030400,35,BOSTON,Boston
25025030500,35,BOSTON,Boston
25025040100,35,BOSTON,Boston
25025040200,35,BOSTON,Boston
25025040300,35,BOSTON,Boston
25025040401,35,BOSTON,Boston
25025040600,35,BOSTON,Boston
25025040801,35,BOSTON,Boston
25025050101,35,BOSTON,Boston
25025050200,35,BOSTON,Boston
25025050300,35,BOSTON,Boston
25025050400,35,BOSTON,Boston
25025050500,35,BOSTON,Boston
25025050600,35,BOSTON,Boston
25025050700,35,BOSTON,Boston
25025050901,35,BOSTON,Boston
25025051000,35,BOSTON,Boston
25025051101,35,BOSTON,Boston
25025051200,35,BOSTON,Boston
25025060101,35,BOSTON,Boston
25025060200,35,BOSTON,Boston
25025060301,35,BOSTON,Boston
25025060400,35,BOSTON,Boston
25025060501,35,BOSTON,Boston
25025060600,35,BOSTON,Boston
25025060700,35,BOSTON,Boston
25025060800,35,BOSTON,Boston
25025061000,35,BOSTON,Boston
25025061101,35,BOSTON,Boston
25025061200,35,BOSTON,Boston
25025070101,35,BOSTON,Boston
25025070200,35,BOSTON,Boston
25025070300,35,BOSTON,Boston
25025070402,35,BOSTON,Boston
25025070500,35,BOSTON,Boston
25025070600,35,BOSTON,Boston
25025070700,35,BOSTON,Boston
25025070800,35,BOSTON,Boston
25025070900,35,BOSTON,Boston
25025071101,35,BOSTON,Boston
25025071201,35,BOSTON,Boston
25025080100,35,BOSTON,Boston
25025080300,35,BOSTON,Boston
25025080401,35,BOSTON,Boston
25025080500,35,BOSTON,Boston
25025080601,35,BOSTON,Boston
25025080801,35,BOSTON,Boston
25025080900,35,BOSTON,Boston
25025081001,35,BOSTON,Boston
25025081100,35,BOSTON,Boston
25025081200,35,BOSTON,Boston
25025081300,35,BOSTON,Boston
25025081400,35,BOSTON,Boston
25025081500,35,BOSTON,Boston
25025081700,35,BOSTON,Boston
25025081800,35,BOSTON,Boston
25025081900,35,BOSTON,Boston
25025082000,35,BOSTON,Boston
25025082100,35,BOSTON,Boston
25025090100,35,BOSTON,Boston
25025090200,35,BOSTON,Boston
25025090300,35,BOSTON,Boston
25025090400,35,BOSTON,Boston
25025090600,35,BOSTON,Boston
25025090700,35,BOSTON,Boston
25025090901,35,BOSTON,Boston
25025091001,35,BOSTON,Boston
25025091100,35,BOSTON,Boston
25025091200,35,BOSTON,Boston
25025091300,35,BOSTON,Boston
25025091400,35,BOSTON,Boston
25025091500,35,BOSTON,Boston
25025091600,35,BOSTON,Boston
25025091700,35,BOSTON,Boston
25025091800,35,BOSTON,Boston
25025091900,35,BOSTON,Boston
25025092000,35,BOSTON,Boston
25025092101,35,BOSTON,Boston
25025092200,35,BOSTON,Boston
25025092300,35,BOSTON,Boston
25025092400,35,BOSTON,Boston
25025100100,35,BOSTON,Boston
25025100200,35,BOSTON,Boston
25025100300,35,BOSTON,Boston
25025100400,35,BOSTON,Boston
25025100500,35,BOSTON,Boston
25025100601,35,BOSTON,Boston
25025100603,35,BOSTON,Boston
25025100700,35,BOSTON,Boston
25025100800,35,BOSTON,Boston
25025100900,35,BOSTON,Boston
25025101001,35,BOSTON,Boston
25025101002,35,BOSTON,Boston
25025101101,35,BOSTON,Boston
25025101102,35,BOSTON,Boston
25025110103,35,BOSTON,Boston
25025110201,35,BOSTON,Boston
25025110301,35,BOSTON,Boston
25025110401,35,BOSTON,Boston
25025110403,35,BOSTON,Boston
25025110501,35,BOSTON,Boston
25025110502,35,BOSTON,Boston
25025110601,35,BOSTON,Boston
25025110607,35,BOSTON,Boston
25025120103,35,BOSTON,Boston
25025120104,35,BOSTON,Boston
25025120105,35,BOSTON,Boston
25025120201,35,BOSTON,Boston
25025120301,35,BOSTON,Boston
25025120400,35,BOSTON,Boston
25025120500,35,BOSTON,Boston
25025120600,35,BOSTON,Boston
25025120700,35,BOSTON,Boston
25025130100,35,BOSTON,Boston
25025130200,35,BOSTON,Boston
25025130300,35,BOSTON,Boston
25025130402,35,BOSTON,Boston
25025130404,35,BOSTON,Boston
25025130406,35,BOSTON,Boston
25025140102,35,BOSTON,Boston
25025140105,35,BOSTON,Boston
25025140106,35,BOSTON,Boston
25025140107,35,BOSTON,Boston
25025140201,35,BOSTON,Boston
25025140202,35,BOSTON,Boston
25025140300,35,BOSTON,Boston
25025140400,35,BOSTON,Boston
25025980101,35,BOSTON,Boston
25025980300,35,BOSTON,Boston
25025980700,35,BOSTON,Boston
25025981000,35,BOSTON,Boston
25025981100,35,BOSTON,Boston
25025981201,35,BOSTON,Boston
25025981202,35,BOSTON,Boston
25025981300,35,BOSTON,Boston
25025981501,35,BOSTON,Boston
25025981502,35,BOSTON,Boston
25025981600,35,BOSTON,Boston
25025981700,35,BOSTON,Boston
25025981800,35,BOSTON,Boston
25001013700,36,BOURNE,Bourne
25001013800,36,BOURNE,Bourne
25001013900,36,BOURNE,Bourne
25001014002,36,BOURNE,Bourne
25001014100,36,BOURNE,Bourne
25017388100,37,BOXBOROUGH,Boxborough
25009213100,38,BOXFORD,Boxford
25027718100,39,BOYLSTON,Boylston
25021419100,40,BRAINTREE,Braintree
25021419200,40,BRAINTREE,Braintree
25021419300,40,BRAINTREE,Braintree
25021419400,40,BRAINTREE,Braintree
25021419500,40,BRAINTREE,Braintree
25021419600,40,BRAINTREE,Braintree
25021419700,40,BRAINTREE,Braintree
25021419800,40,BRAINTREE,Braintree
25001010800,41,BREWSTER,Brewster
25001010900,41,BREWSTER,Brewster
25023525101,42,BRIDGEWATER,Bridgewater
25023525104,42,BRIDGEWATER,Bridgewater
25023525203,42,BRIDGEWATER,Bridgewater
25023525204,42,BRIDGEWATER,Bridgewater
25023525300,42,BRIDGEWATER,Bridgewater
25023561200,42,BRIDGEWATER,Bridgewater
25013813802,43,BRIMFIELD,Brimfield
25023510100,44,BROCKTON,Brockton
25023510200,44,BROCKTON,Brockton
25023510300,44,BROCKTON,Brockton
25023510400,44,BROCKTON,Brockton
25023510501,44,BROCKTON,Brockton
25023510502,44,BROCKTON,Brockton
25023510503,44,BROCKTON,Brockton
25023510600,44,BROCKTON,Brockton
25023510700,44,BROCKTON,Brockton
25023510800,44,BROCKTON,Brockton
25023510900,44,BROCKTON,Brockton
25023511000,44,BROCKTON,Brockton
25023511100,44,BROCKTON,Brockton
25023511200,44,BROCKTON,Brockton
25023511301,44,BROCKTON,Brockton
25023511302,44,BROCKTON,Brockton
25023511400,44,BROCKTON,Brockton
25023511500,44,BROCKTON,Brockton
25023511600,44,BROCKTON,Brockton
25023511701,44,BROCKTON,Brockton
25023511702,44,BROCKTON,Brockton
25027760100,45,BROOKFIELD,Brookfield
25021400100,46,BROOKLINE,Brookline
25021400200,46,BROOKLINE,Brookline
25021400300,46,BROOKLINE,Brookline
25021400400,46,BROOKLINE,Brookline
25021400500,46,BROOKLINE,Brookline
25021400600,46,BROOKLINE,Brookline
25021400700,46,BROOKLINE,Brookline
25021400800,46,BROOKLINE,Brookline
25021400900,46,BROOKLINE,Brookline
25021401000,46,BROOKLINE,Brookline
25021401100,46,BROOKLINE,Brookline
25021401200,46,BROOKLINE,Brookline
25011041502,47,BUCKLAND,Buckland
25017332100,48,BURLINGTON,Burlington
25017332200,48,BURLINGTON,Burlington
25017332300,48,BURLINGTON,Burlington
25017332400,48,BURLINGTON,Burlington
25017352101,49,CAMBRIDGE,Cambridge
25017352102,49,CAMBRIDGE,Cambridge
25017352200,49,CAMBRIDGE,Cambridge
25017352300,49,CAMBRIDGE,Cambridge
25017352400,49,CAMBRIDGE,Cambridge
25017352500,49,CAMBRIDGE,Cambridge
25017352600,49,CAMBRIDGE,Cambridge
25017352700,49,CAMBRIDGE,Cambridge
25017352800,49,CAMBRIDGE,Cambridge
25017352900,49,CAMBRIDGE,Cambridge
25017353000,49,CAMBRIDGE,Cambridge
25017353101,49,CAMBRIDGE,Cambridge
25017353102,49,CAMBRIDGE,Cambridge
25017353200,49,CAMBRIDGE,Cambridge
25017353300,49,CAMBRIDGE,Cambridge
25017353400,49,CAMBRIDGE,Cambridge
25017353500,49,CAMBRIDGE,Cambridge
25017353600,49,CAMBRIDGE,Cambridge
25017353700,49,CAMBRIDGE,Cambridge
25017353800,49,CAMBRIDGE,Cambridge
25017353900,49,CAMBRIDGE,Cambridge
25017354000,49,CAMBRIDGE,Cambridge
25017354100,49,CAMBRIDGE,Cambridge
25017354200,49,CAMBRIDGE,Cambridge
25017354300,49,CAMBRIDGE,Cambridge
25017354400,49,CAMBRIDGE,Cambridge
25017354500,49,CAMBRIDGE,Cambridge
25017354600,49,CAMBRIDGE,Cambridge
25017354700,49,CAMBRIDGE,Cambridge
25017354800,49,CAMBRIDGE,Cambridge
25017354900,49,CAMBRIDGE,Cambridge
25017355000,49,CAMBRIDGE,Cambridge
25021415101,50,CANTON,Canton
25021415102,50,CANTON,Canton
25021415200,50,CANTON,Canton
25021415300,50,CANTON,Canton
25017362100,51,CARLISLE,Carlisle
25023544100,52,CARVER,Carver
25023544200,52,CARVER,Carver
25011040100,53,CHARLEMONT,Charlemont
25027756101,54,CHARLTON,Charlton
25027756102,54,CHARLTON,Charlton
25001010600,55,CHATHAM,Chatham
25001010700,55,CHATHAM,Chatham
25017317101,56,CHELMSFORD,Chelmsford
25017317102,56,CHELMSFORD,Chelmsford
25017317103,56,CHELMSFORD,Chelmsford
25017317201,56,CHELMSFORD,Chelmsford
25017317202,56,CHELMSFORD,Chelmsford
25017317203,56,CHELMSFORD,Chelmsford
25017317301,56,CHELMSFORD,Chelmsford
25017317302,56,CHELMSFORD,Chelmsford
25025160101,57,CHELSEA,Chelsea
25025160200,57,CHELSEA,Chelsea
25025160300,57,CHELSEA,Chelsea
25025160400,57,CHELSEA,Chelsea
25025160501,57,CHELSEA,Chelsea
25025160502,57,CHELSEA,Chelsea
25025160601,57,CHELSEA,Chelsea
25025160602,57,CHELSEA,Chelsea
25003923100,58,CHESHIRE,Cheshire
25013813000,59,CHESTER,Chester
25015822605,60,CHESTERFIELD,Chesterfield
25013810601,61,CHICOPEE,Chicopee
25013810602,61,CHICOPEE,Chicopee
25013810700,61,CHICOPEE,Chicopee
25013810800,61,CHICOPEE,Chicopee
25013810901,61,CHICOPEE,Chicopee
25013810902,61,CHICOPEE,Chicopee
25013811000,61,CHICOPEE,Chicopee
25013811101,61,CHICOPEE,Chicopee
25013811102,61,CHICOPEE,Chicopee
25013811200,61,CHICOPEE,Chicopee
25013811301,61,CHICOPEE,Chicopee
25013811302,61,CHICOPEE,Chicopee
25007200400,62,CHILMARK,Chilmark
25003931100,63,CLARKSBURG,Clarksburg
25027716100,64,CLINTON,Clinton
25027716200,64,CLINTON,Clinton
25027716300,64,CLINTON,Clinton
25021423100,65,COHASSET,Cohasset
25011040100,66,COLRAIN,Colrain
25017361100,67,CONCORD,Concord
25017361200,67,CONCORD,Concord
25017361300,67,CONCORD,Concord
25011041501,68,CONWAY,Conway
25015822700,69,CUMMINGTON,Cummington
25003912100,70,DALTON,Dalton
25009211100,71,DANVERS,Danvers
25009211200,71,DANVERS,Danvers
25009211300,71,DANVERS,Danvers
25009211401,71,DANVERS,Danvers
25009211402,71,DANVERS,Danvers
25005653101,72,DARTMOUTH,Dartmouth
25005653102,72,DARTMOUTH,Dartmouth
25005653203,72,DARTMOUTH,Dartmouth
25005653204,72,DARTMOUTH,Dartmouth
25005653301,72,DARTMOUTH,Dartmouth
25005653304,72,DARTMOUTH,Dartmouth
25005985500,72,DARTMOUTH,Dartmouth
25021402101,73,DEDHAM,Dedham
25021402102,73,DEDHAM,Dedham
25021402200,73,DEDHAM,Dedham
25021402300,73,DEDHAM,Dedham
25021402400,73,DEDHAM,Dedham
25021402500,73,DEDHAM,Dedham
25011040900,74,DEERFIELD,Deerfield
25001011300,75,DENNIS,Dennis
25001011400,75,DENNIS,Dennis
25001011500,75,DENNIS,Dennis
25001011600,75,DENNIS,Dennis
25001011700,75,DENNIS,Dennis
25005615100,76,DIGHTON,Dighton
25027752100,77,DOUGLAS,Douglas
25021405100,78,DOVER,Dover
25017314101,79,DRACUT,Dracut
25017314102,79,DRACUT,Dracut
25017314200,79,DRACUT,Dracut
25017314301,79,DRACUT,Dracut
25017314302,79,DRACUT,Dracut
25027755100,80,DUDLEY,Dudley
25027755200,80,DUDLEY,Dudley
25017328100,81,DUNSTABLE,Dunstable
25023507101,82,DUXBURY,Duxbury
25023507103,82,DUXBURY,Duxbury
25023507104,82,DUXBURY,Duxbury
25023523100,83,EAST BRIDGEWATER,East Bridgewater
25023523201,83,EAST BRIDGEWATER,East Bridgewater
25023523202,83,EAST BRIDGEWATER,East Bridgewater
25027759100,84,EAST BROOKFIELD,East Brookfield
25013813401,85,EAST LONGMEADOW,East Longmeadow
25013813403,85,EAST LONGMEADOW,East Longmeadow
25013813404,85,EAST LONGMEADOW,East Longmeadow
25001010304,86,EASTHAM,Eastham
25001010306,86,EASTHAM,Eastham
25015822300,87,EASTHAMPTON,Easthampton
25015822401,87,EASTHAMPTON,Easthampton
25015822402,87,EASTHAMPTON,Easthampton
25005600100,88,EASTON,Easton
25005600202,88,EASTON,Easton
25005600203,88,EASTON,Easton
25005600204,88,EASTON,Easton
25005985600,88,EASTON,Easton
25007200300,89,EDGARTOWN,Edgartown
25003934300,90,EGREMONT,Egremont
25011040400,91,ERVING,Erving
25009222100,92,ESSEX,Essex
25017342101,93,EVERETT,Everett
25017342102,93,EVERETT,Everett
25017342201,93,EVERETT,Everett
25017342202,93,EVERETT,Everett
25017342300,93,EVERETT,Everett
25017342400,93,EVERETT,Everett
25017342500,93,EVERETT,Everett
25017342600,93,EVERETT,Everett
25005655100,94,FAIRHAVEN,Fairhaven
25005655200,94,FAIRHAVEN,Fairhaven
25005655300,94,FAIRHAVEN,Fairhaven
25005655400,94,FAIRHAVEN,Fairhaven
25005640100,95,FALL RIVER,Fall River
25005640200,95,FALL RIVER,Fall River
25005640300,95,FALL RIVER,Fall River
25005640400,95,FALL RIVER,Fall River
25005640500,95,FALL RIVER,Fall River
25005640600,95,FALL RIVER,Fall River
25005640700,95,FALL RIVER,Fall River
25005640800,95,FALL RIVER,Fall River
25005640901,95,FALL RIVER,Fall River
25005641000,95,FALL RIVER,Fall River
25005641101,95,FALL RIVER,Fall River
25005641200,95,FALL RIVER,Fall River
25005641300,95,FALL RIVER,Fall River
25005641400,95,FALL RIVER,Fall River
25005641500,95,FALL RIVER,Fall River
25005641600,95,FALL RIVER,Fall River
25005641700,95,FALL RIVER,Fall River
25005641800,95,FALL RIVER,Fall River
25005641900,95,FALL RIVER,Fall River
25005642000,95,FALL RIVER,Fall River
25005642100,95,FALL RIVER,Fall River
25005642200,95,FALL RIVER,Fall River
25005642300,95,FALL RIVER,Fall River
25005642400,95,FALL RIVER,Fall River
25005642500,95,FALL RIVER,Fall River
25001014300,96,FALMOUTH,Falmouth
25001014402,96,FALMOUTH,Falmouth
25001014500,96,FALMOUTH,Falmouth
25001014600,96,FALMOUTH,Falmouth
25001014700,96,FALMOUTH,Falmouth
25001014800,96,FALMOUTH,Falmouth
25001014900,96,FALMOUTH,Falmouth
25027710100,97,FITCHBURG,Fitchburg
25027710200,97,FITCHBURG,Fitchburg
25027710300,97,FITCHBURG,Fitchburg
25027710400,97,FITCHBURG,Fitchburg
25027710500,97,FITCHBURG,Fitchburg
25027710600,97,FITCHBURG,Fitchburg
25027710700,97,FITCHBURG,Fitchburg
25027710800,97,FITCHBURG,Fitchburg
25027711000,97,FITCHBURG,Fitchburg
25027711100,97,FITCHBURG,Fitchburg
25003931300,98,FLORIDA,Florida
25021410100,99,FOXBOROUGH,Foxborough
25021410300,99,FOXBOROUGH,Foxborough
25021410400,99,FOXBOROUGH,Foxborough
25017383101,100,FRAMINGHAM,Framingham
25017383102,100,FRAMINGHAM,Framingham
25017383200,100,FRAMINGHAM,Framingham
25017383300,100,FRAMINGHAM,Framingham
25017383400,100,FRAMINGHAM,Framingham
25017383501,100,FRAMINGHAM,Framingham
25017383502,100,FRAMINGHAM,Framingham
25017383600,100,FRAMINGHAM,Framingham
25017383700,100,FRAMINGHAM,Framingham
25017383800,100,FRAMINGHAM,Framingham
25017383901,100,FRAMINGHAM,Framingham
25017383902,100,FRAMINGHAM,Framingham
25017384001,100,FRAMINGHAM,Framingham
25017384002,100,FRAMINGHAM,Framingham
25021442101,101,FRANKLIN,Franklin
25021442102,101,FRANKLIN,Franklin
25021442103,101,FRANKLIN,Franklin
25021442201,101,FRANKLIN,Franklin
25021442202,101,FRANKLIN,Franklin
25005617101,102,FREETOWN,Freetown
25005617102,102,FREETOWN,Freetown
25027707100,103,GARDNER,Gardner
25027707200,103,GARDNER,Gardner
25027707300,103,GARDNER,Gardner
25027707400,103,GARDNER,Gardner
25027707500,103,GARDNER,Gardner
25009265101,105,GEORGETOWN,Georgetown
25009265102,105,GEORGETOWN,Georgetown
25011040200,106,GILL,Gill
25009221100,107,GLOUCESTER,Gloucester
25009221300,107,GLOUCESTER,Gloucester
25009221400,107,GLOUCESTER,Gloucester
25009221500,107,GLOUCESTER,Gloucester
25009221600,107,GLOUCESTER,Gloucester
25009221700,107,GLOUCESTER,Gloucester
25009221800,107,GLOUCESTER,Gloucester
25009221901,107,GLOUCESTER,Gloucester
25009221902,107,GLOUCESTER,Gloucester
25015822606,108,GOSHEN,Goshen
25007200400,109,GOSNOLD,Gosnold
25027738100,110,GRAFTON,Grafton
25027738201,110,GRAFTON,Grafton
25027738202,110,GRAFTON,Grafton
25027761300,110,GRAFTON,Grafton
25015820900,111,GRANBY,Granby
25013813000,112,GRANVILLE,Granville
25003925100,113,GREAT BARRINGTON,Great Barrington
25011041000,114,GREENFIELD,Greenfield
25011041100,114,GREENFIELD,Greenfield
25011041200,114,GREENFIELD,Greenfield
25011041300,114,GREENFIELD,Greenfield
25011041400,114,GREENFIELD,Greenfield
25017326101,115,GROTON,Groton
25017326102,115,GROTON,Groton
25009264100,116,GROVELAND,Groveland
25015821400,117,HADLEY,Hadley
25023526100,118,HALIFAX,Halifax
25009215101,119,HAMILTON,Hamilton
25009215102,119,HAMILTON,Hamilton
25013813500,120,HAMPDEN,Hampden
25003935100,121,HANCOCK,Hancock
25023503101,122,HANOVER,Hanover
25023503102,122,HANOVER,Hanover
25023522101,123,HANSON,Hanson
25023522102,123,HANSON,Hanson
25027723100,124,HARDWICK,Hardwick
25027761400,125,HARVARD,Harvard
25001011002,126,HARWICH,Harwich
25001011100,126,HARWICH,Harwich
25001011200,126,HARWICH,Harwich
25015821500,127,HATFIELD,Hatfield
25009260100,128,HAVERHILL,Haverhill
25009260200,128,HAVERHILL,Haverhill
25009260301,128,HAVERHILL,Haverhill
25009260302,128,HAVERHILL,Haverhill
25009260401,128,HAVERHILL,Haverhill
25009260402,128,HAVERHILL,Haverhill
25009260500,128,HAVERHILL,Haverhill
25009260600,128,HAVERHILL,Haverhill
25009260700,128,HAVERHILL,Haverhill
25009260800,128,HAVERHILL,Haverhill
25009260900,128,HAVERHILL,Haverhill
25009261000,128,HAVERHILL,Haverhill
25009261101,128,HAVERHILL,Haverhill
25009261102,128,HAVERHILL,Haverhill
25011040100,129,HAWLEY,Hawley
25011040100,130,HEATH,Heath
25023500104,131,HINGHAM,Hingham
25023501101,131,HINGHAM,Hingham
25023501102,131,HINGHAM,Hingham
25023501201,131,HINGHAM,Hingham
25023501202,131,HINGHAM,Hingham
25003932300,132,HINSDALE,Hinsdale
25021421100,133,HOLBROOK,Holbrook
25021421200,133,HOLBROOK,Holbrook
25027728100,134,HOLDEN,Holden
25027728200,134,HOLDEN,Holden
25027728300,134,HOLDEN,Holden
25027728400,134,HOLDEN,Holden
25013813801,135,HOLLAND,Holland
25017387100,136,HOLLISTON,Holliston
25017387201,136,HOLLISTON,Holliston
25017387202,136,HOLLISTON,Holliston
25013811400,137,HOLYOKE,Holyoke
25013811500,137,HOLYOKE,Holyoke
25013811600,137,HOLYOKE,Holyoke
25013811700,137,HOLYOKE,Holyoke
25013811800,137,HOLYOKE,Holyoke
25013811900,137,HOLYOKE,Holyoke
25013812001,137,HOLYOKE,Holyoke
25013812002,137,HOLYOKE,Holyoke
25013812101,137,HOLYOKE,Holyoke
25013812103,137,HOLYOKE,Holyoke
25013812104,137,HOLYOKE,Holyoke
25027745100,138,HOPEDALE,Hopedale
25017320102,139,HOPKINTON,Hopkinton
25017320103,139,HOPKINTON,Hopkinton
25017320104,139,HOPKINTON,Hopkinton
25027706100,140,HUBBARDSTON,Hubbardston
25017322100,141,HUDSON,Hudson
25017322200,141,HUDSON,Hudson
25017322300,141,HUDSON,Hudson
25017322400,141,HUDSON,Hudson
25023500101,142,HULL,Hull
25023500103,142,HULL,Hull
25023500104,142,HULL,Hull
25015822601,143,HUNTINGTON,Huntington
25009223100,144,IPSWICH,Ipswich
25009223200,144,IPSWICH,Ipswich
25009223300,144,IPSWICH,Ipswich
25023509101,145,KINGSTON,Kingston
25023509102,145,KINGSTON,Kingston
25023540101,146,LAKEVILLE,Lakeville
25023540102,146,LAKEVILLE,Lakeville
25023540103,146,LAKEVILLE,Lakeville
25027713100,147,LANCASTER,Lancaster
25003911100,148,LANESBOROUGH,Lanesborough
25009250100,149,LAWRENCE,Lawrence
25009250200,149,LAWRENCE,Lawrence
25009250300,149,LAWRENCE,Lawrence
25009250400,149,LAWRENCE,Lawrence
25009250500,149,LAWRENCE,Lawrence
25009250600,149,LAWRENCE,Lawrence
25009250700,149,LAWRENCE,Lawrence
25009250800,149,LAWRENCE,Lawrence
25009250900,149,LAWRENCE,Lawrence
25009251000,149,LAWRENCE,Lawrence
25009251100,149,LAWRENCE,Lawrence
25009251200,149,LAWRENCE,Lawrence
25009251300,149,LAWRENCE,Lawrence
25009251400,149,LAWRENCE,Lawrence
25009251500,149,LAWRENCE,Lawrence
25009251600,149,LAWRENCE,Lawrence
25009251700,149,LAWRENCE,Lawrence
25009251800,149,LAWRENCE,Lawrence
25003914100,150,LEE,Lee
25027735100,151,LEICESTER,Leicester
25027735200,151,LEICESTER,Leicester
25003913100,152,LENOX,Lenox
25027709100,153,LEOMINSTER,Leominster
25027709201,153,LEOMINSTER,Leominster
25027709202,153,LEOMINSTER,Leominster
25027709400,153,LEOMINSTER,Leominster
25027709501,153,LEOMINSTER,Leominster
25027709502,153,LEOMINSTER,Leominster
25027709600,153,LEOMINSTER,Leominster
25027709701,153,LEOMINSTER,Leominster
25027709702,153,LEOMINSTER,Leominster
25011040600,154,LEVERETT,Leverett
25017358100,155,LEXINGTON,Lexington
25017358300,155,LEXINGTON,Lexington
25017358400,155,LEXINGTON,Lexington
25017358500,155,LEXINGTON,Lexington
25017358600,155,LEXINGTON,Lexington
25017358700,155,LEXINGTON,Lexington
25011040200,156,LEYDEN,Leyden
25017360100,157,LINCOLN,Lincoln
25017360200,157,LINCOLN,Lincoln
25017324101,158,LITTLETON,Littleton
25017324102,158,LITTLETON,Littleton
25013813301,159,LONGMEADOW,Longmeadow
25013813303,159,LONGMEADOW,Longmeadow
25013813304,159,LONGMEADOW,Longmeadow
25017310100,160,LOWELL,Lowell
25017310200,160,LOWELL,Lowell
25017310300,160,LOWELL,Lowell
25017310400,160,LOWELL,Lowell
25017310500,160,LOWELL,Lowell
25017310601,160,LOWELL,Lowell
25017310602,160,LOWELL,Lowell
25017310700,160,LOWELL,Lowell
25017311100,160,LOWELL,Lowell
25017311200,160,LOWELL,Lowell
25017311300,160,LOWELL,Lowell
25017311400,160,LOWELL,Lowell
25017311500,160,LOWELL,Lowell
25017311600,160,LOWELL,Lowell
25017311700,160,LOWELL,Lowell
25017311800,160,LOWELL,Lowell
25017311900,160,LOWELL,Lowell
25017312000,160,LOWELL,Lowell
25017312100,160,LOWELL,Lowell
25017312200,160,LOWELL,Lowell
25017312300,160,LOWELL,Lowell
25017312400,160,LOWELL,Lowell
25017312501,160,LOWELL,Lowell
25017312502,160,LOWELL,Lowell
25017388300,160,LOWELL,Lowell
25013810403,161,LUDLOW,Ludlow
25013810404,161,LUDLOW,Ludlow
25013810412,161,LUDLOW,Ludlow
25013810414,161,LUDLOW,Ludlow
25027712101,162,LUNENBURG,Lunenburg
25027712102,162,LUNENBURG,Lunenburg
25009205100,163,LYNN,Lynn
25009205200,163,LYNN,Lynn
25009205300,163,LYNN,Lynn
25009205400,163,LYNN,Lynn
25009205500,163,LYNN,Lynn
25009205600,163,LYNN,Lynn
25009205700,163,LYNN,Lynn
25009205800,163,LYNN,Lynn
25009205900,163,LYNN,Lynn
25009206000,163,LYNN,Lynn
25009206100,163,LYNN,Lynn
25009206200,163,LYNN,Lynn
25009206300,163,LYNN,Lynn
25009206400,163,LYNN,Lynn
25009206500,163,LYNN,Lynn
25009206600,163,LYNN,Lynn
25009206700,163,LYNN,Lynn
25009206800,163,LYNN,Lynn
25009206900,163,LYNN,Lynn
25009207000,163,LYNN,Lynn
25009207100,163,LYNN,Lynn
25009207200,163,LYNN,Lynn
25009209100,164,LYNNFIELD,Lynnfield
25009209200,164,LYNNFIELD,Lynnfield
25017341101,165,MALDEN,Malden
25017341102,165,MALDEN,Malden
25017341200,165,MALDEN,Malden
25017341300,165,MALDEN,Malden
25017341400,165,MALDEN,Malden
25017341500,165,MALDEN,Malden
25017341600,165,MALDEN,Malden
25017341700,165,MALDEN,Malden
25017341800,165,MALDEN,Malden
25017341901,165,MALDEN,Malden
25017341902,165,MALDEN,Malden
25009218100,166,MANCHESTER,Manchester
25005610100,167,MANSFIELD,Mansfield
25005610202,167,MANSFIELD,Mansfield
25005610203,167,MANSFIELD,Mansfield
25005610204,167,MANSFIELD,Mansfield
25009203100,168,MARBLEHEAD,Marblehead
25009203200,168,MARBLEHEAD,Marblehead
25009203301,168,MARBLEHEAD,Marblehead
25009203302,168,MARBLEHEAD,Marblehead
25023561100,169,MARION,Marion
25017321100,170,MARLBOROUGH,Marlborough
25017321200,170,MARLBOROUGH,Marlborough
25017321300,170,MARLBOROUGH,Marlborough
25017321400,170,MARLBOROUGH,Marlborough
25017321500,170,MARLBOROUGH,Marlborough
25017321600,170,MARLBOROUGH,Marlborough
25023506101,171,MARSHFIELD,Marshfield
25023506102,171,MARSHFIELD,Marshfield
25023506202,171,MARSHFIELD,Marshfield
25023506203,171,MARSHFIELD,Marshfield
25023506204,171,MARSHFIELD,Marshfield
25001014100,172,MASHPEE,Mashpee
25001015001,172,MASHPEE,Mashpee
25001015002,172,MASHPEE,Mashpee
25001015100,172,MASHPEE,Mashpee
25001015200,172,MASHPEE,Mashpee
25023560100,173,MATTAPOISETT,Mattapoisett
25017364101,174,MAYNARD,Maynard
25017364102,174,MAYNARD,Maynard
25021406101,175,MEDFIELD,Medfield
25021406102,175,MEDFIELD,Medfield
25017339100,176,MEDFORD,Medford
25017339200,176,MEDFORD,Medford
25017339300,176,MEDFORD,Medford
25017339400,176,MEDFORD,Medford
25017339500,176,MEDFORD,Medford
25017339600,176,MEDFORD,Medford
25017339700,176,MEDFORD,Medford
25017339801,176,MEDFORD,Medford
25017339802,176,MEDFORD,Medford
25017339900,176,MEDFORD,Medford
25017340000,176,MEDFORD,Medford
25017340100,176,MEDFORD,Medford
25021408101,177,MEDWAY,Medway
25021408102,177,MEDWAY,Medway
25017336100,178,MELROSE,Melrose
25017336200,178,MELROSE,Melrose
25017336300,178,MELROSE,Melrose
25017336401,178,MELROSE,Melrose
25017336402,178,MELROSE,Melrose
25027746100,179,MENDON,Mendon
25009262100,180,MERRIMAC,Merrimac
25009252101,181,METHUEN,Methuen
25009252102,181,METHUEN,Methuen
25009252201,181,METHUEN,Methuen
25009252202,181,METHUEN,Methuen
25009252300,181,METHUEN,Methuen
25009252400,181,METHUEN,Methuen
25009252501,181,METHUEN,Methuen
25009252502,181,METHUEN,Methuen
25009252601,181,METHUEN,Methuen
25009252602,181,METHUEN,Methuen
25009252603,181,METHUEN,Methuen
25023542101,182,MIDDLEBOROUGH,Middleborough
25023542102,182,MIDDLEBOROUGH,Middleborough
25023542200,182,MIDDLEBOROUGH,Middleborough
25023542300,182,MIDDLEBOROUGH,Middleborough
25015822700,183,MIDDLEFIELD,Middlefield
25009212100,184,MIDDLETON,Middleton
25027744101,185,MILFORD,Milford
25027744102,185,MILFORD,Milford
25027744200,185,MILFORD,Milford
25027744300,185,MILFORD,Milford
25027744400,185,MILFORD,Milford
25027737100,186,MILLBURY,Millbury
25027737200,186,MILLBURY,Millbury
25027737300,186,MILLBURY,Millbury
25021407100,187,MILLIS,Millis
25027748100,188,MILLVILLE,Millville
25021416101,189,MILTON,Milton
25021416102,189,MILTON,Milton
25021416200,189,MILTON,Milton
25021416300,189,MILTON,Milton
25021416400,189,MILTON,Milton
25011040100,190,MONROE,Monroe
25013813701,191,MONSON,Monson
25013813702,191,MONSON,Monson
25011040701,192,MONTAGUE,Montague
25011040702,192,MONTAGUE,Montague
25003933200,193,MONTEREY,Monterey
25013813000,194,MONTGOMERY,Montgomery
25003934300,195,MOUNT WASHINGTON,Mount Washington
25009201100,196,NAHANT,Nahant
25019950100,197,NANTUCKET,Nantucket
25019950200,197,NANTUCKET,Nantucket
25019950307,197,NANTUCKET,Nantucket
25019950400,197,NANTUCKET,Nantucket
25019950500,197,NANTUCKET,Nantucket
25017382100,198,NATICK,Natick
25017382200,198,NATICK,Natick
25017382300,198,NATICK,Natick
25017382400,198,NATICK,Natick
25017382500,198,NATICK,Natick
25017382601,198,NATICK,Natick
25017382602,198,NATICK,Natick
25021403100,199,NEEDHAM,Needham
25021403300,199,NEEDHAM,Needham
25021403400,199,NEEDHAM,Needham
25021403500,199,NEEDHAM,Needham
25021457200,199,NEEDHAM,Needham
25003935100,200,NEW ASHFORD,New Ashford
25005650101,201,NEW BEDFORD,New Bedford
25005650102,201,NEW BEDFORD,New Bedford
25005650201,201,NEW BEDFORD,New Bedford
25005650202,201,NEW BEDFORD,New Bedford
25005650300,201,NEW BEDFORD,New Bedford
25005650400,201,NEW BEDFORD,New Bedford
25005650500,201,NEW BEDFORD,New Bedford
25005650600,201,NEW BEDFORD,New Bedford
25005650700,201,NEW BEDFORD,New Bedford
25005650800,201,NEW BEDFORD,New Bedford
25005650900,201,NEW BEDFORD,New Bedford
25005651001,201,NEW BEDFORD,New Bedford
25005651002,201,NEW BEDFORD,New Bedford
25005651100,201,NEW BEDFORD,New Bedford
25005651200,201,NEW BEDFORD,New Bedford
25005651300,201,NEW BEDFORD,New Bedford
25005651400,201,NEW BEDFORD,New Bedford
25005651500,201,NEW BEDFORD,New Bedford
25005651600,201,NEW BEDFORD,New Bedford
25005651700,201,NEW BEDFORD,New Bedford
25005651800,201,NEW BEDFORD,New Bedford
25005651900,201,NEW BEDFORD,New Bedford
25005652000,201,NEW BEDFORD,New Bedford
25005652100,201,NEW BEDFORD,New Bedford
25005652200,201,NEW BEDFORD,New Bedford
25005652300,201,NEW BEDFORD,New Bedford
25005652400,201,NEW BEDFORD,New Bedford
25005652500,201,NEW BEDFORD,New Bedford
25005652600,201,NEW BEDFORD,New Bedford
25005652700,201,NEW BEDFORD,New Bedford
25005652800,201,NEW BEDFORD,New Bedford
25027723100,202,NEW BRAINTREE,New Braintree
25003933300,203,NEW MARLBOROUGH,New Marlborough
25011040600,204,NEW SALEM,New Salem
25009269100,205,NEWBURY,Newbury
25009268100,206,NEWBURYPORT,Newburyport
25009268200,206,NEWBURYPORT,Newburyport
25009268300,206,NEWBURYPORT,Newburyport
25009268400,206,NEWBURYPORT,Newburyport
25017373100,207,NEWTON,Newton
25017373200,207,NEWTON,Newton
25017373300,207,NEWTON,Newton
25017373400,207,NEWTON,Newton
25017373500,207,NEWTON,Newton
25017373600,207,NEWTON,Newton
25017373700,207,NEWTON,Newton
25017373800,207,NEWTON,Newton
25017373900,207,NEWTON,Newton
25017374000,207,NEWTON,Newton
25017374100,207,NEWTON,Newton
25017374200,207,NEWTON,Newton
25017374300,207,NEWTON,Newton
25017374400,207,NEWTON,Newton
25017374500,207,NEWTON,Newton
25017374600,207,NEWTON,Newton
25017374700,207,NEWTON,Newton
25017374800,207,NEWTON,Newton
25021409101,208,NORFOLK,Norfolk
25021409102,208,NORFOLK,Norfolk
25003921300,209,NORTH ADAMS,North Adams
25003921400,209,NORTH ADAMS,North Adams
25003921500,209,NORTH ADAMS,North Adams
25003935300,209,NORTH ADAMS,North Adams
25009253100,210,NORTH ANDOVER,North Andover
25009253201,210,NORTH ANDOVER,North Andover
25009253202,210,NORTH ANDOVER,North Andover
25009253203,210,NORTH ANDOVER,North Andover
25009253204,210,NORTH ANDOVER,North Andover
25009253205,210,NORTH ANDOVER,North Andover
25005630101,211,NORTH ATTLEBOROUGH,North Attleborough
25005630102,211,NORTH ATTLEBOROUGH,North Attleborough
25005630200,211,NORTH ATTLEBOROUGH,North Attleborough
25005630300,211,NORTH ATTLEBOROUGH,North Attleborough
25005630400,211,NORTH ATTLEBOROUGH,North Attleborough
25027725100,212,NORTH BROOKFIELD,North Brookfield
25017330100,213,NORTH READING,North Reading
25017330200,213,NORTH READING,North Reading
25015821601,214,NORTHAMPTON,Northampton
25015821602,214,NORTHAMPTON,Northampton
25015821700,214,NORTHAMPTON,Northampton
25015821901,214,NORTHAMPTON,Northampton
25015821903,214,NORTHAMPTON,Northampton
25015821904,214,NORTHAMPTON,Northampton
25015822000,214,NORTHAMPTON,Northampton
25015822200,214,NORTHAMPTON,Northampton
25027740101,215,NORTHBOROUGH,Northborough
25027740102,215,NORTHBOROUGH,Northborough
25027740200,215,NORTHBOROUGH,Northborough
25027750100,216,NORTHBRIDGE,Northbridge
25027750200,216,NORTHBRIDGE,Northbridge
25027750300,216,NORTHBRIDGE,Northbridge
25011040300,217,NORTHFIELD,Northfield
25005611101,218,NORTON,Norton
25005611102,218,NORTON,Norton
25005611201,218,NORTON,Norton
25005611202,218,NORTON,Norton
25023504101,219,NORWELL,Norwell
25023504102,219,NORWELL,Norwell
25021413100,220,NORWOOD,Norwood
25021413200,220,NORWOOD,Norwood
25021413300,220,NORWOOD,Norwood
25021413401,220,NORWOOD,Norwood
25021413402,220,NORWOOD,Norwood
25021413500,220,NORWOOD,Norwood
25007200200,221,OAK BLUFFS,Oak Bluffs
25027721101,222,OAKHAM,Oakham
25011040501,223,ORANGE,Orange
25011040502,223,ORANGE,Orange
25001010400,224,ORLEANS,Orleans
25001010500,224,ORLEANS,Orleans
25003933400,225,OTIS,Otis
25027753100,226,OXFORD,Oxford
25027753200,226,OXFORD,Oxford
25013810100,227,PALMER,Palmer
25013810200,227,PALMER,Palmer
25013810300,227,PALMER,Palmer
25027727100,228,PAXTON,Paxton
25009210100,229,PEABODY,Peabody
25009210200,229,PEABODY,Peabody
25009210300,229,PEABODY,Peabody
25009210400,229,PEABODY,Peabody
25009210500,229,PEABODY,Peabody
25009210600,229,PEABODY,Peabody
25009210700,229,PEABODY,Peabody
25009210800,229,PEABODY,Peabody
25009210900,229,PEABODY,Peabody
25015820202,230,PELHAM,Pelham
25023508101,231,PEMBROKE,Pembroke
25023508102,231,PEMBROKE,Pembroke
25023508200,231,PEMBROKE,Pembroke
25017327101,232,PEPPERELL,Pepperell
25017327102,232,PEPPERELL,Pepperell
25017327103,232,PEPPERELL,Pepperell
25003931400,233,PERU,Peru
25027704200,234,PETERSHAM,Petersham
25027704200,235,PHILLIPSTON,Phillipston
25003900100,236,PITTSFIELD,Pittsfield
25003900200,236,PITTSFIELD,Pittsfield
25003900300,236,PITTSFIELD,Pittsfield
25003900400,236,PITTSFIELD,Pittsfield
25003900500,236,PITTSFIELD,Pittsfield
25003900600,236,PITTSFIELD,Pittsfield
25003900700,236,PITTSFIELD,Pittsfield
25003900800,236,PITTSFIELD,Pittsfield
25003900900,236,PITTSFIELD,Pittsfield
25003901100,236,PITTSFIELD,Pittsfield
25003935200,236,PITTSFIELD,Pittsfield
25015822700,237,PLAINFIELD,Plainfield
25021440100,238,PLAINVILLE,Plainville
25023530100,239,PLYMOUTH,Plymouth
25023530200,239,PLYMOUTH,Plymouth
25023530300,239,PLYMOUTH,Plymouth
25023530400,239,PLYMOUTH,Plymouth
25023530500,239,PLYMOUTH,Plymouth
25023530600,239,PLYMOUTH,Plymouth
25023530700,239,PLYMOUTH,Plymouth
25023530801,239,PLYMOUTH,Plymouth
25023530802,239,PLYMOUTH,Plymouth
25023530901,239,PLYMOUTH,Plymouth
25023530902,239,PLYMOUTH,Plymouth
25023543100,240,PLYMPTON,Plympton
25027720100,241,PRINCETON,Princeton
25001010100,242,PROVINCETOWN,Provincetown
25021417100,243,QUINCY,Quincy
25021417200,243,QUINCY,Quincy
25021417300,243,QUINCY,Quincy
25021417400,243,QUINCY,Quincy
25021417501,243,QUINCY,Quincy
25021417502,243,QUINCY,Quincy
25021417601,243,QUINCY,Quincy
25021417602,243,QUINCY,Quincy
25021417701,243,QUINCY,Quincy
25021417702,243,QUINCY,Quincy
25021417801,243,QUINCY,Quincy
25021417802,243,QUINCY,Quincy
25021417901,243,QUINCY,Quincy
25021417902,243,QUINCY,Quincy
25021418002,243,QUINCY,Quincy
25021418003,243,QUINCY,Quincy
25021418004,243,QUINCY,Quincy
25021418101,243,QUINCY,Quincy
25021418102,243,QUINCY,Quincy
25021418200,243,QUINCY,Quincy
25021420100,244,RANDOLPH,Randolph
25021420201,244,RANDOLPH,Randolph
25021420202,244,RANDOLPH,Randolph
25021420301,244,RANDOLPH,Randolph
25021420302,244,RANDOLPH,Randolph
25005612100,245,RAYNHAM,Raynham
25005612200,245,RAYNHAM,Raynham
25017334100,246,READING,Reading
25017334200,246,READING,Reading
25017334300,246,READING,Reading
25017334400,246,READING,Reading
25005633100,247,REHOBOTH,Rehoboth
25005633200,247,REHOBOTH,Rehoboth
25025170100,248,REVERE,Revere
25025170200,248,REVERE,Revere
25025170300,248,REVERE,Revere
25025170400,248,REVERE,Revere
25025170501,248,REVERE,Revere
25025170502,248,REVERE,Revere
25025170601,248,REVERE,Revere
25025170701,248,REVERE,Revere
25025170702,248,REVERE,Revere
25025170800,248,REVERE,Revere
25025981502,248,REVERE,Revere
25003935100,249,RICHMOND,Richmond
25023541100,250,ROCHESTER,Rochester
25023502101,251,ROCKLAND,Rockland
25023502102,251,ROCKLAND,Rockland
25023502200,251,ROCKLAND,Rockland
25009220101,252,ROCKPORT,Rockport
25009220102,252,ROCKPORT,Rockport
25011040100,253,ROWE,Rowe
25009270100,254,ROWLEY,Rowley
25027702200,255,ROYALSTON,Royalston
25013813000,256,RUSSELL,Russell
25027721102,257,RUTLAND,Rutland
25009204101,258,SALEM,Salem
25009204102,258,SALEM,Salem
25009204200,258,SALEM,Salem
25009204300,258,SALEM,Salem
25009204400,258,SALEM,Salem
25009204500,258,SALEM,Salem
25009204600,258,SALEM,Salem
25009204701,258,SALEM,Salem
25009204702,258,SALEM,Salem
25009267101,259,SALISBURY,Salisbury
25009267102,259,SALISBURY,Salisbury
25003933400,260,SANDISFIELD,Sandisfield
25001013300,261,SANDWICH,Sandwich
25001013400,261,SANDWICH,Sandwich
25001013500,261,SANDWICH,Sandwich
25001013600,261,SANDWICH,Sandwich
25001014100,261,SANDWICH,Sandwich
25009208101,262,SAUGUS,Saugus
25009208102,262,SAUGUS,Saugus
25009208200,262,SAUGUS,Saugus
25009208300,262,SAUGUS,Saugus
25009208400,262,SAUGUS,Saugus
25003931300,263,SAVOY,Savoy
25023505101,264,SCITUATE,Scituate
25023505102,264,SCITUATE,Scituate
25023505200,264,SCITUATE,Scituate
25005632100,265,SEEKONK,Seekonk
25005632200,265,SEEKONK,Seekonk
25021414100,266,SHARON,Sharon
25021414200,266,SHARON,Sharon
25021414300,266,SHARON,Sharon
25003926100,267,SHEFFIELD,Sheffield
25011041502,268,SHELBURNE,Shelburne
25017386100,269,SHERBORN,Sherborn
25017325100,270,SHIRLEY,Shirley
25017388200,270,SHIRLEY,Shirley
25027739100,271,SHREWSBURY,Shrewsbury
25027739200,271,SHREWSBURY,Shrewsbury
25027739300,271,SHREWSBURY,Shrewsbury
25027739400,271,SHREWSBURY,Shrewsbury
25027739500,271,SHREWSBURY,Shrewsbury
25011040600,272,SHUTESBURY,Shutesbury
25005644101,273,SOMERSET,Somerset
25005644102,273,SOMERSET,Somerset
25005644200,273,SOMERSET,Somerset
25017350103,274,SOMERVILLE,Somerville
25017350104,274,SOMERVILLE,Somerville
25017350200,274,SOMERVILLE,Somerville
25017350300,274,SOMERVILLE,Somerville
25017350400,274,SOMERVILLE,Somerville
25017350500,274,SOMERVILLE,Somerville
25017350600,274,SOMERVILLE,Somerville
25017350700,274,SOMERVILLE,Somerville
25017350800,274,SOMERVILLE,Somerville
25017350900,274,SOMERVILLE,Somerville
25017351000,274,SOMERVILLE,Somerville
25017351100,274,SOMERVILLE,Somerville
25017351203,274,SOMERVILLE,Somerville
25017351204,274,SOMERVILLE,Somerville
25017351300,274,SOMERVILLE,Somerville
25017351403,274,SOMERVILLE,Somerville
25017351404,274,SOMERVILLE,Somerville
25017351500,274,SOMERVILLE,Somerville
25015821000,275,SOUTH HADLEY,South Hadley
25015821100,275,SOUTH HADLEY,South Hadley
25015821200,275,SOUTH HADLEY,South Hadley
25015821300,275,SOUTH HADLEY,South Hadley
25015822500,276,SOUTHAMPTON,Southampton
25027741101,277,SOUTHBOROUGH,Southborough
25027741102,277,SOUTHBOROUGH,Southborough
25027757100,278,SOUTHBRIDGE,Southbridge
25027757200,278,SOUTHBRIDGE,Southbridge
25027757300,278,SOUTHBRIDGE,Southbridge
25027757400,278,SOUTHBRIDGE,Southbridge
25027757500,278,SOUTHBRIDGE,Southbridge
25013813101,279,SOUTHWICK,Southwick
25013813102,279,SOUTHWICK,Southwick
25027726100,280,SPENCER,Spencer
25027726200,280,SPENCER,Spencer
25013800101,281,SPRINGFIELD,Springfield
25013800102,281,SPRINGFIELD,Springfield
25013800201,281,SPRINGFIELD,Springfield
25013800202,281,SPRINGFIELD,Springfield
25013800300,281,SPRINGFIELD,Springfield
25013800400,281,SPRINGFIELD,Springfield
25013800500,281,SPRINGFIELD,Springfield
25013800600,281,SPRINGFIELD,Springfield
25013800700,281,SPRINGFIELD,Springfield
25013800800,281,SPRINGFIELD,Springfield
25013800900,281,SPRINGFIELD,Springfield
25013801101,281,SPRINGFIELD,Springfield
25013801102,281,SPRINGFIELD,Springfield
25013801200,281,SPRINGFIELD,Springfield
25013801300,281,SPRINGFIELD,Springfield
25013801401,281,SPRINGFIELD,Springfield
25013801402,281,SPRINGFIELD,Springfield
25013801501,281,SPRINGFIELD,Springfield
25013801502,281,SPRINGFIELD,Springfield
25013801503,281,SPRINGFIELD,Springfield
25013801601,281,SPRINGFIELD,Springfield
25013801602,281,SPRINGFIELD,Springfield
25013801603,281,SPRINGFIELD,Springfield
25013801604,281,SPRINGFIELD,Springfield
25013801605,281,SPRINGFIELD,Springfield
25013801700,281,SPRINGFIELD,Springfield
25013801800,281,SPRINGFIELD,Springfield
25013801901,281,SPRINGFIELD,Springfield
25013801902,281,SPRINGFIELD,Springfield
25013802000,281,SPRINGFIELD,Springfield
25013802100,281,SPRINGFIELD,Springfield
25013802200,281,SPRINGFIELD,Springfield
25013802300,281,SPRINGFIELD,Springfield
25013802400,281,SPRINGFIELD,Springfield
25013802500,281,SPRINGFIELD,Springfield
25013802601,281,SPRINGFIELD,Springfield
25013802602,281,SPRINGFIELD,Springfield
25027719100,282,STERLING,Sterling
25003924100,283,STOCKBRIDGE,Stockbridge
25017337101,284,STONEHAM,Stoneham
25017337102,284,STONEHAM,Stoneham
25017337201,284,STONEHAM,Stoneham
25017337202,284,STONEHAM,Stoneham
25017337300,284,STONEHAM,Stoneham
25021456101,285,STOUGHTON,Stoughton
25021456102,285,STOUGHTON,Stoughton
25021456200,285,STOUGHTON,Stoughton
25021456301,285,STOUGHTON,Stoughton
25021456302,285,STOUGHTON,Stoughton
25021456401,285,STOUGHTON,Stoughton
25021456402,285,STOUGHTON,Stoughton
25017323100,286,STOW,Stow
25017980000,286,STOW,Stow
25027758101,287,STURBRIDGE,Sturbridge
25027758102,287,STURBRIDGE,Sturbridge
25017365100,288,SUDBURY,Sudbury
25017365201,288,SUDBURY,Sudbury
25017365202,288,SUDBURY,Sudbury
25011040800,289,SUNDERLAND,Sunderland
25027751101,290,SUTTON,Sutton
25027751102,290,SUTTON,Sutton
25009202101,291,SWAMPSCOTT,Swampscott
25009202102,291,SWAMPSCOTT,Swampscott
25009202200,291,SWAMPSCOTT,Swampscott
25005645101,292,SWANSEA,Swansea
25005645102,292,SWANSEA,Swansea
25005645103,292,SWANSEA,Swansea
25005613100,293,TAUNTON,Taunton
25005613300,293,TAUNTON,Taunton
25005613400,293,TAUNTON,Taunton
25005613600,293,TAUNTON,Taunton
25005613700,293,TAUNTON,Taunton
25005613800,293,TAUNTON,Taunton
25005613901,293,TAUNTON,Taunton
25005613902,293,TAUNTON,Taunton
25005614000,293,TAUNTON,Taunton
25005614101,293,TAUNTON,Taunton
25005614102,293,TAUNTON,Taunton
25027705100,294,TEMPLETON,Templeton
25017315100,295,TEWKSBURY,Tewksbury
25017315200,295,TEWKSBURY,Tewksbury
25017315401,295,TEWKSBURY,Tewksbury
25017315402,295,TEWKSBURY,Tewksbury
25017315403,295,TEWKSBURY,Tewksbury
25017315500,295,TEWKSBURY,Tewksbury
25007200100,296,TISBURY,Tisbury
25013813000,297,TOLLAND,Tolland
25009214100,298,TOPSFIELD,Topsfield
25017301101,299,TOWNSEND,Townsend
25017301102,299,TOWNSEND,Townsend
25001010208,300,TRURO,Truro
25017313101,301,TYNGSBOROUGH,Tyngsborough
25017313102,301,TYNGSBOROUGH,Tyngsborough
25003933200,302,TYRINGHAM,Tyringham
25027743100,303,UPTON,Upton
25027749100,304,UXBRIDGE,Uxbridge
25027749200,304,UXBRIDGE,Uxbridge
25017335100,305,WAKEFIELD,Wakefield
25017335200,305,WAKEFIELD,Wakefield
25017335301,305,WAKEFIELD,Wakefield
25017335302,305,WAKEFIELD,Wakefield
25017335400,305,WAKEFIELD,Wakefield
25013813801,306,WALES,Wales
25021411100,307,WALPOLE,Walpole
25021411200,307,WALPOLE,Walpole
25021411301,307,WALPOLE,Walpole
25021411302,307,WALPOLE,Walpole
25017368101,308,WALTHAM,Waltham
25017368102,308,WALTHAM,Waltham
25017368200,308,WALTHAM,Waltham
25017368300,308,WALTHAM,Waltham
25017368400,308,WALTHAM,Waltham
25017368500,308,WALTHAM,Waltham
25017368600,308,WALTHAM,Waltham
25017368700,308,WALTHAM,Waltham
25017368800,308,WALTHAM,Waltham
25017368901,308,WALTHAM,Waltham
25017368902,308,WALTHAM,Waltham
25017369000,308,WALTHAM,Waltham
25017369100,308,WALTHAM,Waltham
25015820101,309,WARE,Ware
25015820102,309,WARE,Ware
25023545100,310,WAREHAM,Wareham
25023545200,310,WAREHAM,Wareham
25023545300,310,WAREHAM,Wareham
25023545400,310,WAREHAM,Wareham
25027761100,311,WARREN,Warren
25011040400,312,WARWICK,Warwick
25003932200,313,WASHINGTON,Washington
25017370101,314,WATERTOWN,Watertown
25017370102,314,WATERTOWN,Watertown
25017370201,314,WATERTOWN,Watertown
25017370202,314,WATERTOWN,Watertown
25017370300,314,WATERTOWN,Watertown
25017370400,314,WATERTOWN,Watertown
25017366100,315,WAYLAND,Wayland
25017366201,315,WAYLAND,Wayland
25017366202,315,WAYLAND,Wayland
25027754100,316,WEBSTER,Webster
25027754200,316,WEBSTER,Webster
25027754300,316,WEBSTER,Webster
25027754400,316,WEBSTER,Webster
25021404100,317,WELLESLEY,Wellesley
25021404201,317,WELLESLEY,Wellesley
25021404202,317,WELLESLEY,Wellesley
25021404301,317,WELLESLEY,Wellesley
25021404302,317,WELLESLEY,Wellesley
25021404400,317,WELLESLEY,Wellesley
25001010206,318,WELLFLEET,Wellfleet
25011040400,319,WENDELL,Wendell
25009216100,320,WENHAM,Wenham
25027729100,321,WEST BOYLSTON,West Boylston
25027729200,321,WEST BOYLSTON,West Boylston
25023524101,322,WEST BRIDGEWATER,West Bridgewater
25023524102,322,WEST BRIDGEWATER,West Bridgewater
25027724100,323,WEST BROOKFIELD,West Brookfield
25009263100,324,WEST NEWBURY,West Newbury
25013812201,325,WEST SPRINGFIELD,West Springfield
25013812202,325,WEST SPRINGFIELD,West Springfield
25013812300,325,WEST SPRINGFIELD,West Springfield
25013812401,325,WEST SPRINGFIELD,West Springfield
25013812403,325,WEST SPRINGFIELD,West Springfield
25013812404,325,WEST SPRINGFIELD,West Springfield
25003934200,326,WEST STOCKBRIDGE,West Stockbridge
25007200400,327,WEST TISBURY,West Tisbury
25027742300,328,WESTBOROUGH,Westborough
25027742401,328,WESTBOROUGH,Westborough
25027742402,328,WESTBOROUGH,Westborough
25027761200,328,WESTBOROUGH,Westborough
25013812500,329,WESTFIELD,Westfield
25013812600,329,WESTFIELD,Westfield
25013812701,329,WESTFIELD,Westfield
25013812702,329,WESTFIELD,Westfield
25013812800,329,WESTFIELD,Westfield
25013812901,329,WESTFIELD,Westfield
25013812902,329,WESTFIELD,Westfield
25013812903,329,WESTFIELD,Westfield
25017318100,330,WESTFORD,Westford
25017318200,330,WESTFORD,Westford
25017318300,330,WESTFORD,Westford
25017318400,330,WESTFORD,Westford
25015822603,331,WESTHAMPTON,Westhampton
25027708100,332,WESTMINSTER,Westminster
25017367100,333,WESTON,Weston
25017367200,333,WESTON,Weston
25005646101,334,WESTPORT,Westport
25005646103,334,WESTPORT,Westport
25005646104,334,WESTPORT,Westport
25021412100,335,WESTWOOD,Westwood
25021412200,335,WESTWOOD,Westwood
25021412300,335,WESTWOOD,Westwood
25021422100,336,WEYMOUTH,Weymouth
25021422200,336,WEYMOUTH,Weymouth
25021422301,336,WEYMOUTH,Weymouth
25021422302,336,WEYMOUTH,Weymouth
25021422400,336,WEYMOUTH,Weymouth
25021422501,336,WEYMOUTH,Weymouth
25021422502,336,WEYMOUTH,Weymouth
25021422600,336,WEYMOUTH,Weymouth
25021422700,336,WEYMOUTH,Weymouth
25021422800,336,WEYMOUTH,Weymouth
25011040800,337,WHATELY,Whately
25023521101,338,WHITMAN,Whitman
25023521102,338,WHITMAN,Whitman
25023521201,338,WHITMAN,Whitman
25023521202,338,WHITMAN,Whitman
25013813601,339,WILBRAHAM,Wilbraham
25013813602,339,WILBRAHAM,Wilbraham
25015822606,340,WILLIAMSBURG,Williamsburg
25003920101,341,WILLIAMSTOWN,Williamstown
25003920102,341,WILLIAMSTOWN,Williamstown
25017331101,342,WILMINGTON,Wilmington
25017331102,342,WILMINGTON,Wilmington
25017331200,342,WILMINGTON,Wilmington
25017331300,342,WILMINGTON,Wilmington
25027701100,343,WINCHENDON,Winchendon
25027702200,343,WINCHENDON,Winchendon
25017338100,344,WINCHESTER,Winchester
25017338200,344,WINCHESTER,Winchester
25017338300,344,WINCHESTER,Winchester
25017338400,344,WINCHESTER,Winchester
25017338500,344,WINCHESTER,Winchester
25003931400,345,WINDSOR,Windsor
25025180101,346,WINTHROP,Winthrop
25025180200,346,WINTHROP,Winthrop
25025180301,346,WINTHROP,Winthrop
25025180400,346,WINTHROP,Winthrop
25025180500,346,WINTHROP,Winthrop
25025981300,346,WINTHROP,Winthrop
25025990101,346,WINTHROP,Winthrop
25017333100,347,WOBURN,Woburn
25017333200,347,WOBURN,Woburn
25017333300,347,WOBURN,Woburn
25017333400,347,WOBURN,Woburn
25017333501,347,WOBURN,Woburn
25017333502,347,WOBURN,Woburn
25017333600,347,WOBURN,Woburn
25027730100,348,WORCESTER,Worcester
25027730200,348,WORCESTER,Worcester
25027730300,348,WORCESTER,Worcester
25027730401,348,WORCESTER,Worcester
25027730402,348,WORCESTER,Worcester
25027730500,348,WORCESTER,Worcester
25027730600,348,WORCESTER,Worcester
25027730700,348,WORCESTER,Worcester
25027730801,348,WORCESTER,Worcester
25027730802,348,WORCESTER,Worcester
25027730901,348,WORCESTER,Worcester
25027730902,348,WORCESTER,Worcester
25027731001,348,WORCESTER,Worcester
25027731002,348,WORCESTER,Worcester
25027731101,348,WORCESTER,Worcester
25027731102,348,WORCESTER,Worcester
25027731202,348,WORCESTER,Worcester
25027731203,348,WORCESTER,Worcester
25027731204,348,WORCESTER,Worcester
25027731300,348,WORCESTER,Worcester
25027731400,348,WORCESTER,Worcester
25027731500,348,WORCESTER,Worcester
25027731600,348,WORCESTER,Worcester
25027731700,348,WORCESTER,Worcester
25027731800,348,WORCESTER,Worcester
25027731900,348,WORCESTER,Worcester
25027732001,348,WORCESTER,Worcester
25027732002,348,WORCESTER,Worcester
25027732201,348,WORCESTER,Worcester
25027732202,348,WORCESTER,Worcester
25027732203,348,WORCESTER,Worcester
25027732301,348,WORCESTER,Worcester
25027732302,348,WORCESTER,Worcester
25027732400,348,WORCESTER,Worcester
25027732500,348,WORCESTER,Worcester
25027732600,348,WORCESTER,Worcester
25027732700,348,WORCESTER,Worcester
25027732801,348,WORCESTER,Worcester
25027732802,348,WORCESTER,Worcester
25027732901,348,WORCESTER,Worcester
25027732902,348,WORCESTER,Worcester
25027733000,348,WORCESTER,Worcester
25027733101,348,WORCESTER,Worcester
25027733102,348,WORCESTER,Worcester
25015822700,349,WORTHINGTON,Worthington
25021441202,350,WRENTHAM,Wrentham
25021441203,350,WRENTHAM,Wrentham
25021441204,350,WRENTHAM,Wrentham
25001011801,351,YARMOUTH,Yarmouth
25001011802,351,YARMOUTH,Yarmouth
25001012001,351,YARMOUTH,Yarmouth
25001012002,351,YARMOUTH,Yarmouth
25001012101,351,YARMOUTH,Yarmouth
25001012102,351,YARMOUTH,Yarmouth
